number,min_impurity_decrease,min_weight_fraction_leaf,max_depth,min_samples_split,value,std_err
0,0,0,3,2,0.7754925191656128,0.0013764495417933162
1,0.001,0,3,2,0.7754925191656128,0.0013764495417933162
2,0.005,0,3,2,0.7754925191656128,0.0013764495417933162
3,0.01,0,3,2,0.7754925191656128,0.0013764495417933162
4,0.02,0,3,2,0.7726548472215716,0.0023820795562714157
5,0.05,0,3,2,0.7096584149140475,0.0016178934983648063
6,0.1,0,3,2,0.7096584149140475,0.0016178934983648063
7,0,0.01,3,2,0.7754925191656128,0.0013764495417933162
8,0.001,0.01,3,2,0.7754925191656128,0.0013764495417933162
9,0.005,0.01,3,2,0.7754925191656128,0.0013764495417933162
10,0.01,0.01,3,2,0.7754925191656128,0.0013764495417933162
11,0.02,0.01,3,2,0.7726548472215716,0.0023820795562714157
12,0.05,0.01,3,2,0.7096584149140475,0.0016178934983648063
13,0.1,0.01,3,2,0.7096584149140475,0.0016178934983648063
14,0,0.05,3,2,0.7748513786750355,0.001501228888388237
15,0.001,0.05,3,2,0.7748513786750355,0.001501228888388237
16,0.005,0.05,3,2,0.7748513786750355,0.001501228888388237
17,0.01,0.05,3,2,0.7748513786750355,0.001501228888388237
18,0.02,0.05,3,2,0.7748513786750355,0.001501228888388237
19,0.05,0.05,3,2,0.7096584149140475,0.0016178934983648063
20,0.1,0.05,3,2,0.7096584149140475,0.0016178934983648063
21,0,0.1,3,2,0.7698045478320609,0.0017262719023831553
22,0.001,0.1,3,2,0.7698045478320609,0.0017262719023831553
23,0.005,0.1,3,2,0.7698045478320609,0.0017262719023831553
24,0.01,0.1,3,2,0.7698045478320609,0.0017262719023831553
25,0.02,0.1,3,2,0.7698045478320609,0.0017262719023831553
26,0.05,0.1,3,2,0.7096584149140475,0.0016178934983648063
27,0.1,0.1,3,2,0.7096584149140475,0.0016178934983648063
28,0,0.2,3,2,0.7096584149140475,0.0016178934983648063
29,0.001,0.2,3,2,0.7096584149140475,0.0016178934983648063
30,0.005,0.2,3,2,0.7096584149140475,0.0016178934983648063
31,0.01,0.2,3,2,0.7096584149140475,0.0016178934983648063
32,0.02,0.2,3,2,0.7096584149140475,0.0016178934983648063
33,0.05,0.2,3,2,0.7096584149140475,0.0016178934983648063
34,0.1,0.2,3,2,0.7096584149140475,0.0016178934983648063
35,0,0,5,2,0.8615505800427811,0.0031028270152479785
36,0.001,0,5,2,0.8586474776336128,0.003165705502361674
37,0.005,0,5,2,0.8430291914531516,0.002731299728219324
38,0.01,0,5,2,0.785135749918029,0.003256034617293838
39,0.02,0,5,2,0.781184725670211,0.0014119544896617168
40,0.05,0,5,2,0.7096584149140475,0.0016178934983648063
41,0.1,0,5,2,0.7096584149140475,0.0016178934983648063
42,0,0.01,5,2,0.8536452429465861,0.0032680675024500372
43,0.001,0.01,5,2,0.8536448135744064,0.0032678444708076925
44,0.005,0.01,5,2,0.8345968097647041,0.008494914936567786
45,0.01,0.01,5,2,0.785135749918029,0.003256034617293838
46,0.02,0.01,5,2,0.781184725670211,0.0014119544896617168
47,0.05,0.01,5,2,0.7096584149140475,0.0016178934983648063
48,0.1,0.01,5,2,0.7096584149140475,0.0016178934983648063
49,0,0.05,5,2,0.8119041680328509,9.889846017561337e-4
50,0.001,0.05,5,2,0.8115039638858963,8.627809184130266e-4
51,0.005,0.05,5,2,0.8098871043920871,0.0010345526234371365
52,0.01,0.05,5,2,0.7752021855043952,0.0015463837738634724
53,0.02,0.05,5,2,0.7748513786750355,0.001501228888388237
54,0.05,0.05,5,2,0.7096584149140475,0.0016178934983648063
55,0.1,0.05,5,2,0.7096584149140475,0.0016178934983648063
56,0,0.1,5,2,0.7698045478320609,0.0017262719023831553
57,0.001,0.1,5,2,0.7698045478320609,0.0017262719023831553
58,0.005,0.1,5,2,0.7698045478320609,0.0017262719023831553
59,0.01,0.1,5,2,0.7698045478320609,0.0017262719023831553
60,0.02,0.1,5,2,0.7698045478320609,0.0017262719023831553
61,0.05,0.1,5,2,0.7096584149140475,0.0016178934983648063
62,0.1,0.1,5,2,0.7096584149140475,0.0016178934983648063
63,0,0.2,5,2,0.7096584149140475,0.0016178934983648063
64,0.001,0.2,5,2,0.7096584149140475,0.0016178934983648063
65,0.005,0.2,5,2,0.7096584149140475,0.0016178934983648063
66,0.01,0.2,5,2,0.7096584149140475,0.0016178934983648063
67,0.02,0.2,5,2,0.7096584149140475,0.0016178934983648063
68,0.05,0.2,5,2,0.7096584149140475,0.0016178934983648063
69,0.1,0.2,5,2,0.7096584149140475,0.0016178934983648063
70,0,0,8,2,0.8801471965900042,0.0017118667883543044
71,0.001,0,8,2,0.8713298437085265,0.0016357217463062585
72,0.005,0,8,2,0.8463688873015129,0.001070221825563589
73,0.01,0,8,2,0.785135749918029,0.003256034617293838
74,0.02,0,8,2,0.781184725670211,0.0014119544896617168
75,0.05,0,8,2,0.7096584149140475,0.0016178934983648063
76,0.1,0,8,2,0.7096584149140475,0.0016178934983648063
77,0,0.01,8,2,0.8615993625774822,0.0018616958479939442
78,0.001,0.01,8,2,0.8612126738957329,0.0018494974278763033
79,0.005,0.01,8,2,0.8378953249176386,0.006482791483773221
80,0.01,0.01,8,2,0.785135749918029,0.003256034617293838
81,0.02,0.01,8,2,0.781184725670211,0.0014119544896617168
82,0.05,0.01,8,2,0.7096584149140475,0.0016178934983648063
83,0.1,0.01,8,2,0.7096584149140475,0.0016178934983648063
84,0,0.05,8,2,0.8119041680328509,9.889846017561337e-4
85,0.001,0.05,8,2,0.8115039638858963,8.627809184130266e-4
86,0.005,0.05,8,2,0.8098871043920871,0.0010345526234371365
87,0.01,0.05,8,2,0.7752021855043952,0.0015463837738634724
88,0.02,0.05,8,2,0.7748513786750355,0.001501228888388237
89,0.05,0.05,8,2,0.7096584149140475,0.0016178934983648063
90,0.1,0.05,8,2,0.7096584149140475,0.0016178934983648063
91,0,0.1,8,2,0.7698045478320609,0.0017262719023831553
92,0.001,0.1,8,2,0.7698045478320609,0.0017262719023831553
93,0.005,0.1,8,2,0.7698045478320609,0.0017262719023831553
94,0.01,0.1,8,2,0.7698045478320609,0.0017262719023831553
95,0.02,0.1,8,2,0.7698045478320609,0.0017262719023831553
96,0.05,0.1,8,2,0.7096584149140475,0.0016178934983648063
97,0.1,0.1,8,2,0.7096584149140475,0.0016178934983648063
98,0,0.2,8,2,0.7096584149140475,0.0016178934983648063
99,0.001,0.2,8,2,0.7096584149140475,0.0016178934983648063
100,0.005,0.2,8,2,0.7096584149140475,0.0016178934983648063
101,0.01,0.2,8,2,0.7096584149140475,0.0016178934983648063
102,0.02,0.2,8,2,0.7096584149140475,0.0016178934983648063
103,0.05,0.2,8,2,0.7096584149140475,0.0016178934983648063
104,0.1,0.2,8,2,0.7096584149140475,0.0016178934983648063
105,0,0,12,2,0.8324151014099022,0.003061103287967603
106,0.001,0,12,2,0.8717372203225756,0.0017010033716126627
107,0.005,0,12,2,0.8463688873015129,0.001070221825563589
108,0.01,0,12,2,0.785135749918029,0.003256034617293838
109,0.02,0,12,2,0.781184725670211,0.0014119544896617168
110,0.05,0,12,2,0.7096584149140475,0.0016178934983648063
111,0.1,0,12,2,0.7096584149140475,0.0016178934983648063
112,0,0.01,12,2,0.8615993625774822,0.0018616958479939442
113,0.001,0.01,12,2,0.8612126738957329,0.0018494974278763033
114,0.005,0.01,12,2,0.8378953249176386,0.006482791483773221
115,0.01,0.01,12,2,0.785135749918029,0.003256034617293838
116,0.02,0.01,12,2,0.781184725670211,0.0014119544896617168
117,0.05,0.01,12,2,0.7096584149140475,0.0016178934983648063
118,0.1,0.01,12,2,0.7096584149140475,0.0016178934983648063
119,0,0.05,12,2,0.8119041680328509,9.889846017561337e-4
120,0.001,0.05,12,2,0.8115039638858963,8.627809184130266e-4
121,0.005,0.05,12,2,0.8098871043920871,0.0010345526234371365
122,0.01,0.05,12,2,0.7752021855043952,0.0015463837738634724
123,0.02,0.05,12,2,0.7748513786750355,0.001501228888388237
124,0.05,0.05,12,2,0.7096584149140475,0.0016178934983648063
125,0.1,0.05,12,2,0.7096584149140475,0.0016178934983648063
126,0,0.1,12,2,0.7698045478320609,0.0017262719023831553
127,0.001,0.1,12,2,0.7698045478320609,0.0017262719023831553
128,0.005,0.1,12,2,0.7698045478320609,0.0017262719023831553
129,0.01,0.1,12,2,0.7698045478320609,0.0017262719023831553
130,0.02,0.1,12,2,0.7698045478320609,0.0017262719023831553
131,0.05,0.1,12,2,0.7096584149140475,0.0016178934983648063
132,0.1,0.1,12,2,0.7096584149140475,0.0016178934983648063
133,0,0.2,12,2,0.7096584149140475,0.0016178934983648063
134,0.001,0.2,12,2,0.7096584149140475,0.0016178934983648063
135,0.005,0.2,12,2,0.7096584149140475,0.0016178934983648063
136,0.01,0.2,12,2,0.7096584149140475,0.0016178934983648063
137,0.02,0.2,12,2,0.7096584149140475,0.0016178934983648063
138,0.05,0.2,12,2,0.7096584149140475,0.0016178934983648063
139,0.1,0.2,12,2,0.7096584149140475,0.0016178934983648063
140,0,0,20,2,0.7507152364669696,0.0026242483071574328
141,0.001,0,20,2,0.8717372203225756,0.0017010033716126627
142,0.005,0,20,2,0.8463688873015129,0.001070221825563589
143,0.01,0,20,2,0.785135749918029,0.003256034617293838
144,0.02,0,20,2,0.781184725670211,0.0014119544896617168
145,0.05,0,20,2,0.7096584149140475,0.0016178934983648063
146,0.1,0,20,2,0.7096584149140475,0.0016178934983648063
147,0,0.01,20,2,0.8615993625774822,0.0018616958479939442
148,0.001,0.01,20,2,0.8612126738957329,0.0018494974278763033
149,0.005,0.01,20,2,0.8378953249176386,0.006482791483773221
150,0.01,0.01,20,2,0.785135749918029,0.003256034617293838
151,0.02,0.01,20,2,0.781184725670211,0.0014119544896617168
152,0.05,0.01,20,2,0.7096584149140475,0.0016178934983648063
153,0.1,0.01,20,2,0.7096584149140475,0.0016178934983648063
154,0,0.05,20,2,0.8119041680328509,9.889846017561337e-4
155,0.001,0.05,20,2,0.8115039638858963,8.627809184130266e-4
156,0.005,0.05,20,2,0.8098871043920871,0.0010345526234371365
157,0.01,0.05,20,2,0.7752021855043952,0.0015463837738634724
158,0.02,0.05,20,2,0.7748513786750355,0.001501228888388237
159,0.05,0.05,20,2,0.7096584149140475,0.0016178934983648063
160,0.1,0.05,20,2,0.7096584149140475,0.0016178934983648063
161,0,0.1,20,2,0.7698045478320609,0.0017262719023831553
162,0.001,0.1,20,2,0.7698045478320609,0.0017262719023831553
163,0.005,0.1,20,2,0.7698045478320609,0.0017262719023831553
164,0.01,0.1,20,2,0.7698045478320609,0.0017262719023831553
165,0.02,0.1,20,2,0.7698045478320609,0.0017262719023831553
166,0.05,0.1,20,2,0.7096584149140475,0.0016178934983648063
167,0.1,0.1,20,2,0.7096584149140475,0.0016178934983648063
168,0,0.2,20,2,0.7096584149140475,0.0016178934983648063
169,0.001,0.2,20,2,0.7096584149140475,0.0016178934983648063
170,0.005,0.2,20,2,0.7096584149140475,0.0016178934983648063
171,0.01,0.2,20,2,0.7096584149140475,0.0016178934983648063
172,0.02,0.2,20,2,0.7096584149140475,0.0016178934983648063
173,0.05,0.2,20,2,0.7096584149140475,0.0016178934983648063
174,0.1,0.2,20,2,0.7096584149140475,0.0016178934983648063
175,0,0,3,5,0.7754925191656128,0.0013764495417933162
176,0.001,0,3,5,0.7754925191656128,0.0013764495417933162
177,0.005,0,3,5,0.7754925191656128,0.0013764495417933162
178,0.01,0,3,5,0.7754925191656128,0.0013764495417933162
179,0.02,0,3,5,0.7726548472215716,0.0023820795562714157
180,0.05,0,3,5,0.7096584149140475,0.0016178934983648063
181,0.1,0,3,5,0.7096584149140475,0.0016178934983648063
182,0,0.01,3,5,0.7754925191656128,0.0013764495417933162
183,0.001,0.01,3,5,0.7754925191656128,0.0013764495417933162
184,0.005,0.01,3,5,0.7754925191656128,0.0013764495417933162
185,0.01,0.01,3,5,0.7754925191656128,0.0013764495417933162
186,0.02,0.01,3,5,0.7726548472215716,0.0023820795562714157
187,0.05,0.01,3,5,0.7096584149140475,0.0016178934983648063
188,0.1,0.01,3,5,0.7096584149140475,0.0016178934983648063
189,0,0.05,3,5,0.7748513786750355,0.001501228888388237
190,0.001,0.05,3,5,0.7748513786750355,0.001501228888388237
191,0.005,0.05,3,5,0.7748513786750355,0.001501228888388237
192,0.01,0.05,3,5,0.7748513786750355,0.001501228888388237
193,0.02,0.05,3,5,0.7748513786750355,0.001501228888388237
194,0.05,0.05,3,5,0.7096584149140475,0.0016178934983648063
195,0.1,0.05,3,5,0.7096584149140475,0.0016178934983648063
196,0,0.1,3,5,0.7698045478320609,0.0017262719023831553
197,0.001,0.1,3,5,0.7698045478320609,0.0017262719023831553
198,0.005,0.1,3,5,0.7698045478320609,0.0017262719023831553
199,0.01,0.1,3,5,0.7698045478320609,0.0017262719023831553
200,0.02,0.1,3,5,0.7698045478320609,0.0017262719023831553
201,0.05,0.1,3,5,0.7096584149140475,0.0016178934983648063
202,0.1,0.1,3,5,0.7096584149140475,0.0016178934983648063
203,0,0.2,3,5,0.7096584149140475,0.0016178934983648063
204,0.001,0.2,3,5,0.7096584149140475,0.0016178934983648063
205,0.005,0.2,3,5,0.7096584149140475,0.0016178934983648063
206,0.01,0.2,3,5,0.7096584149140475,0.0016178934983648063
207,0.02,0.2,3,5,0.7096584149140475,0.0016178934983648063
208,0.05,0.2,3,5,0.7096584149140475,0.0016178934983648063
209,0.1,0.2,3,5,0.7096584149140475,0.0016178934983648063
210,0,0,5,5,0.8615505800427811,0.0031028270152479785
211,0.001,0,5,5,0.8586474776336128,0.003165705502361674
212,0.005,0,5,5,0.8430291914531516,0.002731299728219324
213,0.01,0,5,5,0.785135749918029,0.003256034617293838
214,0.02,0,5,5,0.781184725670211,0.0014119544896617168
215,0.05,0,5,5,0.7096584149140475,0.0016178934983648063
216,0.1,0,5,5,0.7096584149140475,0.0016178934983648063
217,0,0.01,5,5,0.8536452429465861,0.0032680675024500372
218,0.001,0.01,5,5,0.8536448135744064,0.0032678444708076925
219,0.005,0.01,5,5,0.8345968097647041,0.008494914936567786
220,0.01,0.01,5,5,0.785135749918029,0.003256034617293838
221,0.02,0.01,5,5,0.781184725670211,0.0014119544896617168
222,0.05,0.01,5,5,0.7096584149140475,0.0016178934983648063
223,0.1,0.01,5,5,0.7096584149140475,0.0016178934983648063
224,0,0.05,5,5,0.8119041680328509,9.889846017561337e-4
225,0.001,0.05,5,5,0.8115039638858963,8.627809184130266e-4
226,0.005,0.05,5,5,0.8098871043920871,0.0010345526234371365
227,0.01,0.05,5,5,0.7752021855043952,0.0015463837738634724
228,0.02,0.05,5,5,0.7748513786750355,0.001501228888388237
229,0.05,0.05,5,5,0.7096584149140475,0.0016178934983648063
230,0.1,0.05,5,5,0.7096584149140475,0.0016178934983648063
231,0,0.1,5,5,0.7698045478320609,0.0017262719023831553
232,0.001,0.1,5,5,0.7698045478320609,0.0017262719023831553
233,0.005,0.1,5,5,0.7698045478320609,0.0017262719023831553
234,0.01,0.1,5,5,0.7698045478320609,0.0017262719023831553
235,0.02,0.1,5,5,0.7698045478320609,0.0017262719023831553
236,0.05,0.1,5,5,0.7096584149140475,0.0016178934983648063
237,0.1,0.1,5,5,0.7096584149140475,0.0016178934983648063
238,0,0.2,5,5,0.7096584149140475,0.0016178934983648063
239,0.001,0.2,5,5,0.7096584149140475,0.0016178934983648063
240,0.005,0.2,5,5,0.7096584149140475,0.0016178934983648063
241,0.01,0.2,5,5,0.7096584149140475,0.0016178934983648063
242,0.02,0.2,5,5,0.7096584149140475,0.0016178934983648063
243,0.05,0.2,5,5,0.7096584149140475,0.0016178934983648063
244,0.1,0.2,5,5,0.7096584149140475,0.0016178934983648063
245,0,0,8,5,0.8805562321420207,0.0016410076981349115
246,0.001,0,8,5,0.8713298437085265,0.0016357217463062585
247,0.005,0,8,5,0.8463688873015129,0.001070221825563589
248,0.01,0,8,5,0.785135749918029,0.003256034617293838
249,0.02,0,8,5,0.781184725670211,0.0014119544896617168
250,0.05,0,8,5,0.7096584149140475,0.0016178934983648063
251,0.1,0,8,5,0.7096584149140475,0.0016178934983648063
252,0,0.01,8,5,0.8615993625774822,0.0018616958479939442
253,0.001,0.01,8,5,0.8612126738957329,0.0018494974278763033
254,0.005,0.01,8,5,0.8378953249176386,0.006482791483773221
255,0.01,0.01,8,5,0.785135749918029,0.003256034617293838
256,0.02,0.01,8,5,0.781184725670211,0.0014119544896617168
257,0.05,0.01,8,5,0.7096584149140475,0.0016178934983648063
258,0.1,0.01,8,5,0.7096584149140475,0.0016178934983648063
259,0,0.05,8,5,0.8119041680328509,9.889846017561337e-4
260,0.001,0.05,8,5,0.8115039638858963,8.627809184130266e-4
261,0.005,0.05,8,5,0.8098871043920871,0.0010345526234371365
262,0.01,0.05,8,5,0.7752021855043952,0.0015463837738634724
263,0.02,0.05,8,5,0.7748513786750355,0.001501228888388237
264,0.05,0.05,8,5,0.7096584149140475,0.0016178934983648063
265,0.1,0.05,8,5,0.7096584149140475,0.0016178934983648063
266,0,0.1,8,5,0.7698045478320609,0.0017262719023831553
267,0.001,0.1,8,5,0.7698045478320609,0.0017262719023831553
268,0.005,0.1,8,5,0.7698045478320609,0.0017262719023831553
269,0.01,0.1,8,5,0.7698045478320609,0.0017262719023831553
270,0.02,0.1,8,5,0.7698045478320609,0.0017262719023831553
271,0.05,0.1,8,5,0.7096584149140475,0.0016178934983648063
272,0.1,0.1,8,5,0.7096584149140475,0.0016178934983648063
273,0,0.2,8,5,0.7096584149140475,0.0016178934983648063
274,0.001,0.2,8,5,0.7096584149140475,0.0016178934983648063
275,0.005,0.2,8,5,0.7096584149140475,0.0016178934983648063
276,0.01,0.2,8,5,0.7096584149140475,0.0016178934983648063
277,0.02,0.2,8,5,0.7096584149140475,0.0016178934983648063
278,0.05,0.2,8,5,0.7096584149140475,0.0016178934983648063
279,0.1,0.2,8,5,0.7096584149140475,0.0016178934983648063
280,0,0,12,5,0.840393139022905,0.002941774107336152
281,0.001,0,12,5,0.8717372203225756,0.0017010033716126627
282,0.005,0,12,5,0.8463688873015129,0.001070221825563589
283,0.01,0,12,5,0.785135749918029,0.003256034617293838
284,0.02,0,12,5,0.781184725670211,0.0014119544896617168
285,0.05,0,12,5,0.7096584149140475,0.0016178934983648063
286,0.1,0,12,5,0.7096584149140475,0.0016178934983648063
287,0,0.01,12,5,0.8615993625774822,0.0018616958479939442
288,0.001,0.01,12,5,0.8612126738957329,0.0018494974278763033
289,0.005,0.01,12,5,0.8378953249176386,0.006482791483773221
290,0.01,0.01,12,5,0.785135749918029,0.003256034617293838
291,0.02,0.01,12,5,0.781184725670211,0.0014119544896617168
292,0.05,0.01,12,5,0.7096584149140475,0.0016178934983648063
293,0.1,0.01,12,5,0.7096584149140475,0.0016178934983648063
294,0,0.05,12,5,0.8119041680328509,9.889846017561337e-4
295,0.001,0.05,12,5,0.8115039638858963,8.627809184130266e-4
296,0.005,0.05,12,5,0.8098871043920871,0.0010345526234371365
297,0.01,0.05,12,5,0.7752021855043952,0.0015463837738634724
298,0.02,0.05,12,5,0.7748513786750355,0.001501228888388237
299,0.05,0.05,12,5,0.7096584149140475,0.0016178934983648063
300,0.1,0.05,12,5,0.7096584149140475,0.0016178934983648063
301,0,0.1,12,5,0.7698045478320609,0.0017262719023831553
302,0.001,0.1,12,5,0.7698045478320609,0.0017262719023831553
303,0.005,0.1,12,5,0.7698045478320609,0.0017262719023831553
304,0.01,0.1,12,5,0.7698045478320609,0.0017262719023831553
305,0.02,0.1,12,5,0.7698045478320609,0.0017262719023831553
306,0.05,0.1,12,5,0.7096584149140475,0.0016178934983648063
307,0.1,0.1,12,5,0.7096584149140475,0.0016178934983648063
308,0,0.2,12,5,0.7096584149140475,0.0016178934983648063
309,0.001,0.2,12,5,0.7096584149140475,0.0016178934983648063
310,0.005,0.2,12,5,0.7096584149140475,0.0016178934983648063
311,0.01,0.2,12,5,0.7096584149140475,0.0016178934983648063
312,0.02,0.2,12,5,0.7096584149140475,0.0016178934983648063
313,0.05,0.2,12,5,0.7096584149140475,0.0016178934983648063
314,0.1,0.2,12,5,0.7096584149140475,0.0016178934983648063
315,0,0,20,5,0.7666968105453807,0.004310189407130759
316,0.001,0,20,5,0.8717372203225756,0.0017010033716126627
317,0.005,0,20,5,0.8463688873015129,0.001070221825563589
318,0.01,0,20,5,0.785135749918029,0.003256034617293838
319,0.02,0,20,5,0.781184725670211,0.0014119544896617168
320,0.05,0,20,5,0.7096584149140475,0.0016178934983648063
321,0.1,0,20,5,0.7096584149140475,0.0016178934983648063
322,0,0.01,20,5,0.8615993625774822,0.0018616958479939442
323,0.001,0.01,20,5,0.8612126738957329,0.0018494974278763033
324,0.005,0.01,20,5,0.8378953249176386,0.006482791483773221
325,0.01,0.01,20,5,0.785135749918029,0.003256034617293838
326,0.02,0.01,20,5,0.781184725670211,0.0014119544896617168
327,0.05,0.01,20,5,0.7096584149140475,0.0016178934983648063
328,0.1,0.01,20,5,0.7096584149140475,0.0016178934983648063
329,0,0.05,20,5,0.8119041680328509,9.889846017561337e-4
330,0.001,0.05,20,5,0.8115039638858963,8.627809184130266e-4
331,0.005,0.05,20,5,0.8098871043920871,0.0010345526234371365
332,0.01,0.05,20,5,0.7752021855043952,0.0015463837738634724
333,0.02,0.05,20,5,0.7748513786750355,0.001501228888388237
334,0.05,0.05,20,5,0.7096584149140475,0.0016178934983648063
335,0.1,0.05,20,5,0.7096584149140475,0.0016178934983648063
336,0,0.1,20,5,0.7698045478320609,0.0017262719023831553
337,0.001,0.1,20,5,0.7698045478320609,0.0017262719023831553
338,0.005,0.1,20,5,0.7698045478320609,0.0017262719023831553
339,0.01,0.1,20,5,0.7698045478320609,0.0017262719023831553
340,0.02,0.1,20,5,0.7698045478320609,0.0017262719023831553
341,0.05,0.1,20,5,0.7096584149140475,0.0016178934983648063
342,0.1,0.1,20,5,0.7096584149140475,0.0016178934983648063
343,0,0.2,20,5,0.7096584149140475,0.0016178934983648063
344,0.001,0.2,20,5,0.7096584149140475,0.0016178934983648063
345,0.005,0.2,20,5,0.7096584149140475,0.0016178934983648063
346,0.01,0.2,20,5,0.7096584149140475,0.0016178934983648063
347,0.02,0.2,20,5,0.7096584149140475,0.0016178934983648063
348,0.05,0.2,20,5,0.7096584149140475,0.0016178934983648063
349,0.1,0.2,20,5,0.7096584149140475,0.0016178934983648063
350,0,0,3,10,0.7754925191656128,0.0013764495417933162
351,0.001,0,3,10,0.7754925191656128,0.0013764495417933162
352,0.005,0,3,10,0.7754925191656128,0.0013764495417933162
353,0.01,0,3,10,0.7754925191656128,0.0013764495417933162
354,0.02,0,3,10,0.7726548472215716,0.0023820795562714157
355,0.05,0,3,10,0.7096584149140475,0.0016178934983648063
356,0.1,0,3,10,0.7096584149140475,0.0016178934983648063
357,0,0.01,3,10,0.7754925191656128,0.0013764495417933162
358,0.001,0.01,3,10,0.7754925191656128,0.0013764495417933162
359,0.005,0.01,3,10,0.7754925191656128,0.0013764495417933162
360,0.01,0.01,3,10,0.7754925191656128,0.0013764495417933162
361,0.02,0.01,3,10,0.7726548472215716,0.0023820795562714157
362,0.05,0.01,3,10,0.7096584149140475,0.0016178934983648063
363,0.1,0.01,3,10,0.7096584149140475,0.0016178934983648063
364,0,0.05,3,10,0.7748513786750355,0.001501228888388237
365,0.001,0.05,3,10,0.7748513786750355,0.001501228888388237
366,0.005,0.05,3,10,0.7748513786750355,0.001501228888388237
367,0.01,0.05,3,10,0.7748513786750355,0.001501228888388237
368,0.02,0.05,3,10,0.7748513786750355,0.001501228888388237
369,0.05,0.05,3,10,0.7096584149140475,0.0016178934983648063
370,0.1,0.05,3,10,0.7096584149140475,0.0016178934983648063
371,0,0.1,3,10,0.7698045478320609,0.0017262719023831553
372,0.001,0.1,3,10,0.7698045478320609,0.0017262719023831553
373,0.005,0.1,3,10,0.7698045478320609,0.0017262719023831553
374,0.01,0.1,3,10,0.7698045478320609,0.0017262719023831553
375,0.02,0.1,3,10,0.7698045478320609,0.0017262719023831553
376,0.05,0.1,3,10,0.7096584149140475,0.0016178934983648063
377,0.1,0.1,3,10,0.7096584149140475,0.0016178934983648063
378,0,0.2,3,10,0.7096584149140475,0.0016178934983648063
379,0.001,0.2,3,10,0.7096584149140475,0.0016178934983648063
380,0.005,0.2,3,10,0.7096584149140475,0.0016178934983648063
381,0.01,0.2,3,10,0.7096584149140475,0.0016178934983648063
382,0.02,0.2,3,10,0.7096584149140475,0.0016178934983648063
383,0.05,0.2,3,10,0.7096584149140475,0.0016178934983648063
384,0.1,0.2,3,10,0.7096584149140475,0.0016178934983648063
385,0,0,5,10,0.8615505800427811,0.0031028270152479785
386,0.001,0,5,10,0.8586474776336128,0.003165705502361674
387,0.005,0,5,10,0.8430291914531516,0.002731299728219324
388,0.01,0,5,10,0.785135749918029,0.003256034617293838
389,0.02,0,5,10,0.781184725670211,0.0014119544896617168
390,0.05,0,5,10,0.7096584149140475,0.0016178934983648063
391,0.1,0,5,10,0.7096584149140475,0.0016178934983648063
392,0,0.01,5,10,0.8536452429465861,0.0032680675024500372
393,0.001,0.01,5,10,0.8536448135744064,0.0032678444708076925
394,0.005,0.01,5,10,0.8345968097647041,0.008494914936567786
395,0.01,0.01,5,10,0.785135749918029,0.003256034617293838
396,0.02,0.01,5,10,0.781184725670211,0.0014119544896617168
397,0.05,0.01,5,10,0.7096584149140475,0.0016178934983648063
398,0.1,0.01,5,10,0.7096584149140475,0.0016178934983648063
399,0,0.05,5,10,0.8119041680328509,9.889846017561337e-4
400,0.001,0.05,5,10,0.8115039638858963,8.627809184130266e-4
401,0.005,0.05,5,10,0.8098871043920871,0.0010345526234371365
402,0.01,0.05,5,10,0.7752021855043952,0.0015463837738634724
403,0.02,0.05,5,10,0.7748513786750355,0.001501228888388237
404,0.05,0.05,5,10,0.7096584149140475,0.0016178934983648063
405,0.1,0.05,5,10,0.7096584149140475,0.0016178934983648063
406,0,0.1,5,10,0.7698045478320609,0.0017262719023831553
407,0.001,0.1,5,10,0.7698045478320609,0.0017262719023831553
408,0.005,0.1,5,10,0.7698045478320609,0.0017262719023831553
409,0.01,0.1,5,10,0.7698045478320609,0.0017262719023831553
410,0.02,0.1,5,10,0.7698045478320609,0.0017262719023831553
411,0.05,0.1,5,10,0.7096584149140475,0.0016178934983648063
412,0.1,0.1,5,10,0.7096584149140475,0.0016178934983648063
413,0,0.2,5,10,0.7096584149140475,0.0016178934983648063
414,0.001,0.2,5,10,0.7096584149140475,0.0016178934983648063
415,0.005,0.2,5,10,0.7096584149140475,0.0016178934983648063
416,0.01,0.2,5,10,0.7096584149140475,0.0016178934983648063
417,0.02,0.2,5,10,0.7096584149140475,0.0016178934983648063
418,0.05,0.2,5,10,0.7096584149140475,0.0016178934983648063
419,0.1,0.2,5,10,0.7096584149140475,0.0016178934983648063
420,0,0,8,10,0.8813941324339938,0.001861650686743857
421,0.001,0,8,10,0.8713298437085265,0.0016357217463062585
422,0.005,0,8,10,0.8463688873015129,0.001070221825563589
423,0.01,0,8,10,0.785135749918029,0.003256034617293838
424,0.02,0,8,10,0.781184725670211,0.0014119544896617168
425,0.05,0,8,10,0.7096584149140475,0.0016178934983648063
426,0.1,0,8,10,0.7096584149140475,0.0016178934983648063
427,0,0.01,8,10,0.8615993625774822,0.0018616958479939442
428,0.001,0.01,8,10,0.8612126738957329,0.0018494974278763033
429,0.005,0.01,8,10,0.8378953249176386,0.006482791483773221
430,0.01,0.01,8,10,0.785135749918029,0.003256034617293838
431,0.02,0.01,8,10,0.781184725670211,0.0014119544896617168
432,0.05,0.01,8,10,0.7096584149140475,0.0016178934983648063
433,0.1,0.01,8,10,0.7096584149140475,0.0016178934983648063
434,0,0.05,8,10,0.8119041680328509,9.889846017561337e-4
435,0.001,0.05,8,10,0.8115039638858963,8.627809184130266e-4
436,0.005,0.05,8,10,0.8098871043920871,0.0010345526234371365
437,0.01,0.05,8,10,0.7752021855043952,0.0015463837738634724
438,0.02,0.05,8,10,0.7748513786750355,0.001501228888388237
439,0.05,0.05,8,10,0.7096584149140475,0.0016178934983648063
440,0.1,0.05,8,10,0.7096584149140475,0.0016178934983648063
441,0,0.1,8,10,0.7698045478320609,0.0017262719023831553
442,0.001,0.1,8,10,0.7698045478320609,0.0017262719023831553
443,0.005,0.1,8,10,0.7698045478320609,0.0017262719023831553
444,0.01,0.1,8,10,0.7698045478320609,0.0017262719023831553
445,0.02,0.1,8,10,0.7698045478320609,0.0017262719023831553
446,0.05,0.1,8,10,0.7096584149140475,0.0016178934983648063
447,0.1,0.1,8,10,0.7096584149140475,0.0016178934983648063
448,0,0.2,8,10,0.7096584149140475,0.0016178934983648063
449,0.001,0.2,8,10,0.7096584149140475,0.0016178934983648063
450,0.005,0.2,8,10,0.7096584149140475,0.0016178934983648063
451,0.01,0.2,8,10,0.7096584149140475,0.0016178934983648063
452,0.02,0.2,8,10,0.7096584149140475,0.0016178934983648063
453,0.05,0.2,8,10,0.7096584149140475,0.0016178934983648063
454,0.1,0.2,8,10,0.7096584149140475,0.0016178934983648063
455,0,0,12,10,0.856019202694896,0.0019574786118975993
456,0.001,0,12,10,0.8717372203225756,0.0017010033716126627
457,0.005,0,12,10,0.8463688873015129,0.001070221825563589
458,0.01,0,12,10,0.785135749918029,0.003256034617293838
459,0.02,0,12,10,0.781184725670211,0.0014119544896617168
460,0.05,0,12,10,0.7096584149140475,0.0016178934983648063
461,0.1,0,12,10,0.7096584149140475,0.0016178934983648063
462,0,0.01,12,10,0.8615993625774822,0.0018616958479939442
463,0.001,0.01,12,10,0.8612126738957329,0.0018494974278763033
464,0.005,0.01,12,10,0.8378953249176386,0.006482791483773221
465,0.01,0.01,12,10,0.785135749918029,0.003256034617293838
466,0.02,0.01,12,10,0.781184725670211,0.0014119544896617168
467,0.05,0.01,12,10,0.7096584149140475,0.0016178934983648063
468,0.1,0.01,12,10,0.7096584149140475,0.0016178934983648063
469,0,0.05,12,10,0.8119041680328509,9.889846017561337e-4
470,0.001,0.05,12,10,0.8115039638858963,8.627809184130266e-4
471,0.005,0.05,12,10,0.8098871043920871,0.0010345526234371365
472,0.01,0.05,12,10,0.7752021855043952,0.0015463837738634724
473,0.02,0.05,12,10,0.7748513786750355,0.001501228888388237
474,0.05,0.05,12,10,0.7096584149140475,0.0016178934983648063
475,0.1,0.05,12,10,0.7096584149140475,0.0016178934983648063
476,0,0.1,12,10,0.7698045478320609,0.0017262719023831553
477,0.001,0.1,12,10,0.7698045478320609,0.0017262719023831553
478,0.005,0.1,12,10,0.7698045478320609,0.0017262719023831553
479,0.01,0.1,12,10,0.7698045478320609,0.0017262719023831553
480,0.02,0.1,12,10,0.7698045478320609,0.0017262719023831553
481,0.05,0.1,12,10,0.7096584149140475,0.0016178934983648063
482,0.1,0.1,12,10,0.7096584149140475,0.0016178934983648063
483,0,0.2,12,10,0.7096584149140475,0.0016178934983648063
484,0.001,0.2,12,10,0.7096584149140475,0.0016178934983648063
485,0.005,0.2,12,10,0.7096584149140475,0.0016178934983648063
486,0.01,0.2,12,10,0.7096584149140475,0.0016178934983648063
487,0.02,0.2,12,10,0.7096584149140475,0.0016178934983648063
488,0.05,0.2,12,10,0.7096584149140475,0.0016178934983648063
489,0.1,0.2,12,10,0.7096584149140475,0.0016178934983648063
490,0,0,20,10,0.810245327650007,0.0025319921569654734
491,0.001,0,20,10,0.8717372203225756,0.0017010033716126627
492,0.005,0,20,10,0.8463688873015129,0.001070221825563589
493,0.01,0,20,10,0.785135749918029,0.003256034617293838
494,0.02,0,20,10,0.781184725670211,0.0014119544896617168
495,0.05,0,20,10,0.7096584149140475,0.0016178934983648063
496,0.1,0,20,10,0.7096584149140475,0.0016178934983648063
497,0,0.01,20,10,0.8615993625774822,0.0018616958479939442
498,0.001,0.01,20,10,0.8612126738957329,0.0018494974278763033
499,0.005,0.01,20,10,0.8378953249176386,0.006482791483773221
500,0.01,0.01,20,10,0.785135749918029,0.003256034617293838
501,0.02,0.01,20,10,0.781184725670211,0.0014119544896617168
502,0.05,0.01,20,10,0.7096584149140475,0.0016178934983648063
503,0.1,0.01,20,10,0.7096584149140475,0.0016178934983648063
504,0,0.05,20,10,0.8119041680328509,9.889846017561337e-4
505,0.001,0.05,20,10,0.8115039638858963,8.627809184130266e-4
506,0.005,0.05,20,10,0.8098871043920871,0.0010345526234371365
507,0.01,0.05,20,10,0.7752021855043952,0.0015463837738634724
508,0.02,0.05,20,10,0.7748513786750355,0.001501228888388237
509,0.05,0.05,20,10,0.7096584149140475,0.0016178934983648063
510,0.1,0.05,20,10,0.7096584149140475,0.0016178934983648063
511,0,0.1,20,10,0.7698045478320609,0.0017262719023831553
512,0.001,0.1,20,10,0.7698045478320609,0.0017262719023831553
513,0.005,0.1,20,10,0.7698045478320609,0.0017262719023831553
514,0.01,0.1,20,10,0.7698045478320609,0.0017262719023831553
515,0.02,0.1,20,10,0.7698045478320609,0.0017262719023831553
516,0.05,0.1,20,10,0.7096584149140475,0.0016178934983648063
517,0.1,0.1,20,10,0.7096584149140475,0.0016178934983648063
518,0,0.2,20,10,0.7096584149140475,0.0016178934983648063
519,0.001,0.2,20,10,0.7096584149140475,0.0016178934983648063
520,0.005,0.2,20,10,0.7096584149140475,0.0016178934983648063
521,0.01,0.2,20,10,0.7096584149140475,0.0016178934983648063
522,0.02,0.2,20,10,0.7096584149140475,0.0016178934983648063
523,0.05,0.2,20,10,0.7096584149140475,0.0016178934983648063
524,0.1,0.2,20,10,0.7096584149140475,0.0016178934983648063
525,0,0,3,20,0.7754925191656128,0.0013764495417933162
526,0.001,0,3,20,0.7754925191656128,0.0013764495417933162
527,0.005,0,3,20,0.7754925191656128,0.0013764495417933162
528,0.01,0,3,20,0.7754925191656128,0.0013764495417933162
529,0.02,0,3,20,0.7726548472215716,0.0023820795562714157
530,0.05,0,3,20,0.7096584149140475,0.0016178934983648063
531,0.1,0,3,20,0.7096584149140475,0.0016178934983648063
532,0,0.01,3,20,0.7754925191656128,0.0013764495417933162
533,0.001,0.01,3,20,0.7754925191656128,0.0013764495417933162
534,0.005,0.01,3,20,0.7754925191656128,0.0013764495417933162
535,0.01,0.01,3,20,0.7754925191656128,0.0013764495417933162
536,0.02,0.01,3,20,0.7726548472215716,0.0023820795562714157
537,0.05,0.01,3,20,0.7096584149140475,0.0016178934983648063
538,0.1,0.01,3,20,0.7096584149140475,0.0016178934983648063
539,0,0.05,3,20,0.7748513786750355,0.001501228888388237
540,0.001,0.05,3,20,0.7748513786750355,0.001501228888388237
541,0.005,0.05,3,20,0.7748513786750355,0.001501228888388237
542,0.01,0.05,3,20,0.7748513786750355,0.001501228888388237
543,0.02,0.05,3,20,0.7748513786750355,0.001501228888388237
544,0.05,0.05,3,20,0.7096584149140475,0.0016178934983648063
545,0.1,0.05,3,20,0.7096584149140475,0.0016178934983648063
546,0,0.1,3,20,0.7698045478320609,0.0017262719023831553
547,0.001,0.1,3,20,0.7698045478320609,0.0017262719023831553
548,0.005,0.1,3,20,0.7698045478320609,0.0017262719023831553
549,0.01,0.1,3,20,0.7698045478320609,0.0017262719023831553
550,0.02,0.1,3,20,0.7698045478320609,0.0017262719023831553
551,0.05,0.1,3,20,0.7096584149140475,0.0016178934983648063
552,0.1,0.1,3,20,0.7096584149140475,0.0016178934983648063
553,0,0.2,3,20,0.7096584149140475,0.0016178934983648063
554,0.001,0.2,3,20,0.7096584149140475,0.0016178934983648063
555,0.005,0.2,3,20,0.7096584149140475,0.0016178934983648063
556,0.01,0.2,3,20,0.7096584149140475,0.0016178934983648063
557,0.02,0.2,3,20,0.7096584149140475,0.0016178934983648063
558,0.05,0.2,3,20,0.7096584149140475,0.0016178934983648063
559,0.1,0.2,3,20,0.7096584149140475,0.0016178934983648063
560,0,0,5,20,0.8615505800427811,0.0031028270152479785
561,0.001,0,5,20,0.8586474776336128,0.003165705502361674
562,0.005,0,5,20,0.8430291914531516,0.002731299728219324
563,0.01,0,5,20,0.785135749918029,0.003256034617293838
564,0.02,0,5,20,0.781184725670211,0.0014119544896617168
565,0.05,0,5,20,0.7096584149140475,0.0016178934983648063
566,0.1,0,5,20,0.7096584149140475,0.0016178934983648063
567,0,0.01,5,20,0.8536452429465861,0.0032680675024500372
568,0.001,0.01,5,20,0.8536448135744064,0.0032678444708076925
569,0.005,0.01,5,20,0.8345968097647041,0.008494914936567786
570,0.01,0.01,5,20,0.785135749918029,0.003256034617293838
571,0.02,0.01,5,20,0.781184725670211,0.0014119544896617168
572,0.05,0.01,5,20,0.7096584149140475,0.0016178934983648063
573,0.1,0.01,5,20,0.7096584149140475,0.0016178934983648063
574,0,0.05,5,20,0.8119041680328509,9.889846017561337e-4
575,0.001,0.05,5,20,0.8115039638858963,8.627809184130266e-4
576,0.005,0.05,5,20,0.8098871043920871,0.0010345526234371365
577,0.01,0.05,5,20,0.7752021855043952,0.0015463837738634724
578,0.02,0.05,5,20,0.7748513786750355,0.001501228888388237
579,0.05,0.05,5,20,0.7096584149140475,0.0016178934983648063
580,0.1,0.05,5,20,0.7096584149140475,0.0016178934983648063
581,0,0.1,5,20,0.7698045478320609,0.0017262719023831553
582,0.001,0.1,5,20,0.7698045478320609,0.0017262719023831553
583,0.005,0.1,5,20,0.7698045478320609,0.0017262719023831553
584,0.01,0.1,5,20,0.7698045478320609,0.0017262719023831553
585,0.02,0.1,5,20,0.7698045478320609,0.0017262719023831553
586,0.05,0.1,5,20,0.7096584149140475,0.0016178934983648063
587,0.1,0.1,5,20,0.7096584149140475,0.0016178934983648063
588,0,0.2,5,20,0.7096584149140475,0.0016178934983648063
589,0.001,0.2,5,20,0.7096584149140475,0.0016178934983648063
590,0.005,0.2,5,20,0.7096584149140475,0.0016178934983648063
591,0.01,0.2,5,20,0.7096584149140475,0.0016178934983648063
592,0.02,0.2,5,20,0.7096584149140475,0.0016178934983648063
593,0.05,0.2,5,20,0.7096584149140475,0.0016178934983648063
594,0.1,0.2,5,20,0.7096584149140475,0.0016178934983648063
595,0,0,8,20,0.882435359970022,0.001543929220771133
596,0.001,0,8,20,0.8713298437085265,0.0016357217463062585
597,0.005,0,8,20,0.8463688873015129,0.001070221825563589
598,0.01,0,8,20,0.785135749918029,0.003256034617293838
599,0.02,0,8,20,0.781184725670211,0.0014119544896617168
600,0.05,0,8,20,0.7096584149140475,0.0016178934983648063
601,0.1,0,8,20,0.7096584149140475,0.0016178934983648063
602,0,0.01,8,20,0.8615993625774822,0.0018616958479939442
603,0.001,0.01,8,20,0.8612126738957329,0.0018494974278763033
604,0.005,0.01,8,20,0.8378953249176386,0.006482791483773221
605,0.01,0.01,8,20,0.785135749918029,0.003256034617293838
606,0.02,0.01,8,20,0.781184725670211,0.0014119544896617168
607,0.05,0.01,8,20,0.7096584149140475,0.0016178934983648063
608,0.1,0.01,8,20,0.7096584149140475,0.0016178934983648063
609,0,0.05,8,20,0.8119041680328509,9.889846017561337e-4
610,0.001,0.05,8,20,0.8115039638858963,8.627809184130266e-4
611,0.005,0.05,8,20,0.8098871043920871,0.0010345526234371365
612,0.01,0.05,8,20,0.7752021855043952,0.0015463837738634724
613,0.02,0.05,8,20,0.7748513786750355,0.001501228888388237
614,0.05,0.05,8,20,0.7096584149140475,0.0016178934983648063
615,0.1,0.05,8,20,0.7096584149140475,0.0016178934983648063
616,0,0.1,8,20,0.7698045478320609,0.0017262719023831553
617,0.001,0.1,8,20,0.7698045478320609,0.0017262719023831553
618,0.005,0.1,8,20,0.7698045478320609,0.0017262719023831553
619,0.01,0.1,8,20,0.7698045478320609,0.0017262719023831553
620,0.02,0.1,8,20,0.7698045478320609,0.0017262719023831553
621,0.05,0.1,8,20,0.7096584149140475,0.0016178934983648063
622,0.1,0.1,8,20,0.7096584149140475,0.0016178934983648063
623,0,0.2,8,20,0.7096584149140475,0.0016178934983648063
624,0.001,0.2,8,20,0.7096584149140475,0.0016178934983648063
625,0.005,0.2,8,20,0.7096584149140475,0.0016178934983648063
626,0.01,0.2,8,20,0.7096584149140475,0.0016178934983648063
627,0.02,0.2,8,20,0.7096584149140475,0.0016178934983648063
628,0.05,0.2,8,20,0.7096584149140475,0.0016178934983648063
629,0.1,0.2,8,20,0.7096584149140475,0.0016178934983648063
630,0,0,12,20,0.8712567821287492,0.0018874029389255277
631,0.001,0,12,20,0.8717372203225756,0.0017010033716126627
632,0.005,0,12,20,0.8463688873015129,0.001070221825563589
633,0.01,0,12,20,0.785135749918029,0.003256034617293838
634,0.02,0,12,20,0.781184725670211,0.0014119544896617168
635,0.05,0,12,20,0.7096584149140475,0.0016178934983648063
636,0.1,0,12,20,0.7096584149140475,0.0016178934983648063
637,0,0.01,12,20,0.8615993625774822,0.0018616958479939442
638,0.001,0.01,12,20,0.8612126738957329,0.0018494974278763033
639,0.005,0.01,12,20,0.8378953249176386,0.006482791483773221
640,0.01,0.01,12,20,0.785135749918029,0.003256034617293838
641,0.02,0.01,12,20,0.781184725670211,0.0014119544896617168
642,0.05,0.01,12,20,0.7096584149140475,0.0016178934983648063
643,0.1,0.01,12,20,0.7096584149140475,0.0016178934983648063
644,0,0.05,12,20,0.8119041680328509,9.889846017561337e-4
645,0.001,0.05,12,20,0.8115039638858963,8.627809184130266e-4
646,0.005,0.05,12,20,0.8098871043920871,0.0010345526234371365
647,0.01,0.05,12,20,0.7752021855043952,0.0015463837738634724
648,0.02,0.05,12,20,0.7748513786750355,0.001501228888388237
649,0.05,0.05,12,20,0.7096584149140475,0.0016178934983648063
650,0.1,0.05,12,20,0.7096584149140475,0.0016178934983648063
651,0,0.1,12,20,0.7698045478320609,0.0017262719023831553
652,0.001,0.1,12,20,0.7698045478320609,0.0017262719023831553
653,0.005,0.1,12,20,0.7698045478320609,0.0017262719023831553
654,0.01,0.1,12,20,0.7698045478320609,0.0017262719023831553
655,0.02,0.1,12,20,0.7698045478320609,0.0017262719023831553
656,0.05,0.1,12,20,0.7096584149140475,0.0016178934983648063
657,0.1,0.1,12,20,0.7096584149140475,0.0016178934983648063
658,0,0.2,12,20,0.7096584149140475,0.0016178934983648063
659,0.001,0.2,12,20,0.7096584149140475,0.0016178934983648063
660,0.005,0.2,12,20,0.7096584149140475,0.0016178934983648063
661,0.01,0.2,12,20,0.7096584149140475,0.0016178934983648063
662,0.02,0.2,12,20,0.7096584149140475,0.0016178934983648063
663,0.05,0.2,12,20,0.7096584149140475,0.0016178934983648063
664,0.1,0.2,12,20,0.7096584149140475,0.0016178934983648063
665,0,0,20,20,0.8498953698065483,0.0014636125892824028
666,0.001,0,20,20,0.8717372203225756,0.0017010033716126627
667,0.005,0,20,20,0.8463688873015129,0.001070221825563589
668,0.01,0,20,20,0.785135749918029,0.003256034617293838
669,0.02,0,20,20,0.781184725670211,0.0014119544896617168
670,0.05,0,20,20,0.7096584149140475,0.0016178934983648063
671,0.1,0,20,20,0.7096584149140475,0.0016178934983648063
672,0,0.01,20,20,0.8615993625774822,0.0018616958479939442
673,0.001,0.01,20,20,0.8612126738957329,0.0018494974278763033
674,0.005,0.01,20,20,0.8378953249176386,0.006482791483773221
675,0.01,0.01,20,20,0.785135749918029,0.003256034617293838
676,0.02,0.01,20,20,0.781184725670211,0.0014119544896617168
677,0.05,0.01,20,20,0.7096584149140475,0.0016178934983648063
678,0.1,0.01,20,20,0.7096584149140475,0.0016178934983648063
679,0,0.05,20,20,0.8119041680328509,9.889846017561337e-4
680,0.001,0.05,20,20,0.8115039638858963,8.627809184130266e-4
681,0.005,0.05,20,20,0.8098871043920871,0.0010345526234371365
682,0.01,0.05,20,20,0.7752021855043952,0.0015463837738634724
683,0.02,0.05,20,20,0.7748513786750355,0.001501228888388237
684,0.05,0.05,20,20,0.7096584149140475,0.0016178934983648063
685,0.1,0.05,20,20,0.7096584149140475,0.0016178934983648063
686,0,0.1,20,20,0.7698045478320609,0.0017262719023831553
687,0.001,0.1,20,20,0.7698045478320609,0.0017262719023831553
688,0.005,0.1,20,20,0.7698045478320609,0.0017262719023831553
689,0.01,0.1,20,20,0.7698045478320609,0.0017262719023831553
690,0.02,0.1,20,20,0.7698045478320609,0.0017262719023831553
691,0.05,0.1,20,20,0.7096584149140475,0.0016178934983648063
692,0.1,0.1,20,20,0.7096584149140475,0.0016178934983648063
693,0,0.2,20,20,0.7096584149140475,0.0016178934983648063
694,0.001,0.2,20,20,0.7096584149140475,0.0016178934983648063
695,0.005,0.2,20,20,0.7096584149140475,0.0016178934983648063
696,0.01,0.2,20,20,0.7096584149140475,0.0016178934983648063
697,0.02,0.2,20,20,0.7096584149140475,0.0016178934983648063
698,0.05,0.2,20,20,0.7096584149140475,0.0016178934983648063
699,0.1,0.2,20,20,0.7096584149140475,0.0016178934983648063
