number,learning_rate,subsample,max_depth,colsample_bytree,min_child_weight,value,std_err
0,0.05,0.5,3,0.6,1,0.8753857654650434,0.0021821260991473656
1,0.1,0.5,3,0.6,1,0.8787434889650718,0.001973183761183964
2,0.2,0.5,3,0.6,1,0.8787302829006096,0.0014364944509411275
3,0.4,0.5,3,0.6,1,0.8707938833070598,0.0016517379057695463
4,0.05,0.7,3,0.6,1,0.8754702546010522,0.0018770949908483304
5,0.1,0.7,3,0.6,1,0.8792927722170519,0.0018130806450462797
6,0.2,0.7,3,0.6,1,0.8795180172266434,0.0014432471953435646
7,0.4,0.7,3,0.6,1,0.8750305371692846,0.0020145830994776344
8,0.05,0.85,3,0.6,1,0.8754067764619855,0.0019782636379621485
9,0.1,0.85,3,0.6,1,0.8783510759529733,0.001984172323747964
10,0.2,0.85,3,0.6,1,0.8801511367305465,0.0014823690844260502
11,0.4,0.85,3,0.6,1,0.8774491165884788,0.0019813409935815545
12,0.05,1,3,0.6,1,0.8748506379271049,0.0022932091527467237
13,0.1,1,3,0.6,1,0.8779396699492887,0.002265783297957389
14,0.2,1,3,0.6,1,0.8794675374161934,0.0017370814259823173
15,0.4,1,3,0.6,1,0.8776742132153236,0.0012335112595386454
16,0.05,0.5,5,0.6,1,0.8876309626122961,0.0018250423849027148
17,0.1,0.5,5,0.6,1,0.8857941029135249,0.0019175370113728252
18,0.2,0.5,5,0.6,1,0.8789112208220167,0.0018063367190018558
19,0.4,0.5,5,0.6,1,0.8668650939678259,0.00161211649303322
20,0.05,0.7,5,0.6,1,0.8883341484492222,0.0015519021087638575
21,0.1,0.7,5,0.6,1,0.8870049951567872,0.001597563228333677
22,0.2,0.7,5,0.6,1,0.8815341529600578,0.0014340324140182275
23,0.4,0.7,5,0.6,1,0.8708762950846137,0.001765527410624694
24,0.05,0.85,5,0.6,1,0.8878635377295778,0.0013703614255168182
25,0.1,0.85,5,0.6,1,0.8870038377713624,0.0014045772570563202
26,0.2,0.85,5,0.6,1,0.8824513660709198,0.0011488460181842655
27,0.4,0.85,5,0.6,1,0.8709870182902509,0.0021888297327329292
28,0.05,1,5,0.6,1,0.8881299441131223,0.0013414035666263783
29,0.1,1,5,0.6,1,0.8872346619722322,0.0013186848283536614
30,0.2,1,5,0.6,1,0.883235272122087,0.0017833483633400648
31,0.4,1,5,0.6,1,0.8738991187251904,8.218853041804396e-4
32,0.05,0.5,7,0.6,1,0.8902772798712275,0.0011999674709583384
33,0.1,0.5,7,0.6,1,0.8866242747051338,0.0014643575192474006
34,0.2,0.5,7,0.6,1,0.8783360002659019,0.001531463389707134
35,0.4,0.5,7,0.6,1,0.8666367625971017,0.0010548428606951777
36,0.05,0.7,7,0.6,1,0.8913105876431596,0.0011414151213287687
37,0.1,0.7,7,0.6,1,0.8876838165466943,0.0011898250251580072
38,0.2,0.7,7,0.6,1,0.8798579620994853,0.0011014010479150388
39,0.4,0.7,7,0.6,1,0.8733856550682798,0.001524186853672327
40,0.05,0.85,7,0.6,1,0.8911488801257337,0.001157492707760812
41,0.1,0.85,7,0.6,1,0.8891861325046058,0.001293501649628538
42,0.2,0.85,7,0.6,1,0.8832355095344817,0.001406613397661271
43,0.4,0.85,7,0.6,1,0.8742962799851854,0.0013788150853264454
44,0.05,1,7,0.6,1,0.8907946905092021,0.001233944620466119
45,0.1,1,7,0.6,1,0.8885748252644774,0.0015396665647526434
46,0.2,1,7,0.6,1,0.882777897143454,0.0017370834539749069
47,0.4,1,7,0.6,1,0.877672402945813,0.0012400954688034287
48,0.05,0.5,9,0.6,1,0.8921675870353839,0.0010664397408076175
49,0.1,0.5,9,0.6,1,0.8877640025830469,0.0013198833219967723
50,0.2,0.5,9,0.6,1,0.8810317883326053,0.0018844407554146456
51,0.4,0.5,9,0.6,1,0.873214985232949,0.0028062930133403094
52,0.05,0.7,9,0.6,1,0.8923310157926725,8.499408881563369e-4
53,0.1,0.7,9,0.6,1,0.8886817498717973,0.0010787005601408295
54,0.2,0.7,9,0.6,1,0.8846284674080265,0.0017410441752297224
55,0.4,0.7,9,0.6,1,0.8785973913126056,0.0014843697653757681
56,0.05,0.85,9,0.6,1,0.8922835629902566,7.982371090042902e-4
57,0.1,0.85,9,0.6,1,0.889783818208581,8.396682685224079e-4
58,0.2,0.85,9,0.6,1,0.8856444440751362,0.0010324554663487635
59,0.4,0.85,9,0.6,1,0.8795508098136787,0.0015319784789187094
60,0.05,1,9,0.6,1,0.891081544035251,8.1107995042969e-4
61,0.1,1,9,0.6,1,0.8891248801067406,7.997444884974192e-4
62,0.2,1,9,0.6,1,0.8854846061803194,0.0011968880530154053
63,0.4,1,9,0.6,1,0.8810461221059429,0.0014550151797875334
64,0.05,0.5,3,0.75,1,0.8759148983400126,0.0022383344448365177
65,0.1,0.5,3,0.75,1,0.878714524652903,0.0018896891526655217
66,0.2,0.5,3,0.75,1,0.8799094805891626,0.0018795170035629336
67,0.4,0.5,3,0.75,1,0.8723981085354504,0.0014859514428194813
68,0.05,0.7,3,0.75,1,0.8757182318474483,0.0022478783784499203
69,0.1,0.7,3,0.75,1,0.8792980843193862,0.0019747743650668495
70,0.2,0.7,3,0.75,1,0.8801186112324553,0.0022297811720867963
71,0.4,0.7,3,0.75,1,0.8752266991605098,0.0012970970955071598
72,0.05,0.85,3,0.75,1,0.8745861605192684,0.0022406864988497232
73,0.1,0.85,3,0.75,1,0.879048593568973,0.0019141816884473604
74,0.2,0.85,3,0.75,1,0.8795292052857495,0.0015823159910903092
75,0.4,0.85,3,0.75,1,0.8765051055535508,0.0019003265857648463
76,0.05,1,3,0.75,1,0.8734050041784581,0.0022256609236969253
77,0.1,1,3,0.75,1,0.8771540129817097,0.0021153130830716856
78,0.2,1,3,0.75,1,0.8794988164992118,0.0016096592937343416
79,0.4,1,3,0.75,1,0.8789200050806253,0.0016738089683607854
80,0.05,0.5,5,0.75,1,0.8872138883876849,0.001678915070118856
81,0.1,0.5,5,0.75,1,0.8862576209378739,0.001535852478431437
82,0.2,0.5,5,0.75,1,0.8784940872443069,0.0013819155938089925
83,0.4,0.5,5,0.75,1,0.8667764204383582,0.0021523592498745745
84,0.05,0.7,5,0.75,1,0.8871036993599362,0.0015414623666063871
85,0.1,0.7,5,0.75,1,0.886357334143701,0.00144960114563676
86,0.2,0.7,5,0.75,1,0.8807655896849063,0.0019056112046118533
87,0.4,0.7,5,0.75,1,0.8695286236253822,0.0015041375354014122
88,0.05,0.85,5,0.75,1,0.8873578790051471,0.0016958175625008752
89,0.1,0.85,5,0.75,1,0.8862803828512279,0.0014475738898258816
90,0.2,0.85,5,0.75,1,0.8832861674042278,8.839621918053265e-4
91,0.4,0.85,5,0.75,1,0.873210533750546,0.001340150211472839
92,0.05,1,5,0.75,1,0.886001838758998,0.0014868893522835586
93,0.1,1,5,0.75,1,0.8860865356308522,0.0019281676393964377
94,0.2,1,5,0.75,1,0.8831373098326717,8.690934270416648e-4
95,0.4,1,5,0.75,1,0.873557037140795,8.693344847505469e-4
96,0.05,0.5,7,0.75,1,0.8906828692712389,0.0013632044225621279
97,0.1,0.5,7,0.75,1,0.8858525360392016,0.0013547948539457076
98,0.2,0.5,7,0.75,1,0.8795792696245085,0.0013783024241097977
99,0.4,0.5,7,0.75,1,0.8658754997530911,0.0027993678691718934
100,0.05,0.7,7,0.75,1,0.8906273741239483,0.0012331638669507788
101,0.1,0.7,7,0.75,1,0.8868467894721848,9.249199417681829e-4
102,0.2,0.7,7,0.75,1,0.8814457761960837,9.065534661210174e-4
103,0.4,0.7,7,0.75,1,0.8717965055269605,0.002164122264607643
104,0.05,0.85,7,0.75,1,0.8907682487037283,0.0014664911720191445
105,0.1,0.85,7,0.75,1,0.8872612224839034,8.152112208043459e-4
106,0.2,0.85,7,0.75,1,0.883572961577178,6.960406316039653e-4
107,0.4,0.85,7,0.75,1,0.876796944739891,0.0010895096877782016
108,0.05,1,7,0.75,1,0.8883397869935994,0.0013883962444240607
109,0.1,1,7,0.75,1,0.8874756058764316,9.37347669281821e-4
110,0.2,1,7,0.75,1,0.8808658964217204,9.089009588447053e-4
111,0.4,1,7,0.75,1,0.8773679512259976,0.0016914782731079821
112,0.05,0.5,9,0.75,1,0.8907889035820782,0.001185523705845535
113,0.1,0.5,9,0.75,1,0.8875022554177509,0.001411581922942957
114,0.2,0.5,9,0.75,1,0.8802503751115839,0.0017770463923278373
115,0.4,0.5,9,0.75,1,0.8722510612334049,0.0015905671473270754
116,0.05,0.7,9,0.75,1,0.8920056124290137,7.892280992785464e-4
117,0.1,0.7,9,0.75,1,0.8889709775217944,0.0010040238754430637
118,0.2,0.7,9,0.75,1,0.8844432857400619,0.0014358755723069317
119,0.4,0.7,9,0.75,1,0.8790757476116313,0.0013929322172366277
120,0.05,0.85,9,0.75,1,0.8914646682874019,6.309507586032307e-4
121,0.1,0.85,9,0.75,1,0.8892045913183035,0.0012400888935353242
122,0.2,0.85,9,0.75,1,0.8847906794267915,0.001481547319893364
123,0.4,0.85,9,0.75,1,0.8805130125733605,0.0017759804700181862
124,0.05,1,9,0.75,1,0.8895791390476914,8.137229615221327e-4
125,0.1,1,9,0.75,1,0.887636334067729,0.001462300760156824
126,0.2,1,9,0.75,1,0.8840419104100586,3.214012137801245e-4
127,0.4,1,9,0.75,1,0.8814232516951245,0.001883653256126763
128,0.05,0.5,3,0.9,1,0.8758325755921065,0.002309834501618576
129,0.1,0.5,3,0.9,1,0.8788177990446525,0.00210941668263727
130,0.2,0.5,3,0.9,1,0.8801111920951169,0.0019479287331150695
131,0.4,0.5,3,0.9,1,0.8710063970769786,0.0017431934412401456
132,0.05,0.7,3,0.9,1,0.8751535761429032,0.002132437314447653
133,0.1,0.7,3,0.9,1,0.8795297394636379,0.0020070344273894996
134,0.2,0.7,3,0.9,1,0.879147208742474,0.0018359623575383518
135,0.4,0.7,3,0.9,1,0.8748193885206359,0.0018863392686519806
136,0.05,0.85,3,0.9,1,0.8734788987863478,0.00226129134443682
137,0.1,0.85,3,0.9,1,0.878653361284686,0.0017882746892550917
138,0.2,0.85,3,0.9,1,0.8807897463960799,0.00178307846751672
139,0.4,0.85,3,0.9,1,0.8751005738257582,0.0013627198512948353
140,0.05,1,3,0.9,1,0.8718217602704602,0.002263432328384015
141,0.1,1,3,0.9,1,0.8771524698011434,0.0016107153490793635
142,0.2,1,3,0.9,1,0.8797818417503941,0.002019793528132818
143,0.4,1,3,0.9,1,0.8773726401207954,0.0012847283760238795
144,0.05,0.5,5,0.9,1,0.8868618354827069,0.0017691426985402168
145,0.1,0.5,5,0.9,1,0.8849760688306015,0.0015887830066325871
146,0.2,0.5,5,0.9,1,0.8783552306698829,8.30916628847084e-4
147,0.4,0.5,5,0.9,1,0.8619145707109077,0.0015813237688150036
148,0.05,0.7,5,0.9,1,0.8870614102771077,0.0014080368443851053
149,0.1,0.7,5,0.9,1,0.8866077151905947,0.001895631050937632
150,0.2,0.7,5,0.9,1,0.8813228559286623,0.0017547200359646123
151,0.4,0.7,5,0.9,1,0.8689300773014758,0.0018292440898491139
152,0.05,0.85,5,0.9,1,0.885822918842947,0.0016520788769902584
153,0.1,0.85,5,0.9,1,0.8857673643425575,0.0013810261222851183
154,0.2,0.85,5,0.9,1,0.8806787857780479,0.0013325944842524555
155,0.4,0.85,5,0.9,1,0.8717036772805835,0.001556958916060285
156,0.05,1,5,0.9,1,0.8851950817648288,0.0015113419275418775
157,0.1,1,5,0.9,1,0.8847580352225028,0.0011989512991351257
158,0.2,1,5,0.9,1,0.881457735845473,0.0010889230142960816
159,0.4,1,5,0.9,1,0.8719815388121783,0.001990916721245953
160,0.05,0.5,7,0.9,1,0.8902398280659437,0.0012140158380742644
161,0.1,0.5,7,0.9,1,0.8867521806328464,0.002011388656124845
162,0.2,0.5,7,0.9,1,0.8813044267915139,0.0013811923856003332
163,0.4,0.5,7,0.9,1,0.8675718706672237,0.0014597740358084999
164,0.05,0.7,7,0.9,1,0.8894062434711592,0.0014866184423022318
165,0.1,0.7,7,0.9,1,0.8874302304324704,0.001481314357374032
166,0.2,0.7,7,0.9,1,0.881288223395567,0.0013587193506759143
167,0.4,0.7,7,0.9,1,0.8732549892214773,8.394422465167217e-4
168,0.05,0.85,7,0.9,1,0.8896570993428425,0.0012164765345873524
169,0.1,0.85,7,0.9,1,0.8868130472355701,9.037176744318932e-4
170,0.2,0.85,7,0.9,1,0.8819952375073598,0.0010733224631490673
171,0.4,0.85,7,0.9,1,0.8762602740213861,9.87962131771744e-4
172,0.05,1,7,0.9,1,0.88722742089419,0.0012381413307438948
173,0.1,1,7,0.9,1,0.8851742785037321,8.792473847790843e-4
174,0.2,1,7,0.9,1,0.8811952467664432,0.0011779540900685866
175,0.4,1,7,0.9,1,0.8752779505612429,0.002197972747385703
176,0.05,0.5,9,0.9,1,0.8910581292378112,7.349809210661448e-4
177,0.1,0.5,9,0.9,1,0.8891196867106038,0.0024015589267611
178,0.2,0.5,9,0.9,1,0.8819777283432414,0.0019743828945239833
179,0.4,0.5,9,0.9,1,0.8732482823213235,0.0017534781833360024
180,0.05,0.7,9,0.9,1,0.8910552209359746,0.001114954928667928
181,0.1,0.7,9,0.9,1,0.8885679403050275,0.0011656535590713617
182,0.2,0.7,9,0.9,1,0.8840638117034815,0.0016560463343832036
183,0.4,0.7,9,0.9,1,0.8774985577197014,0.0014252012377912887
184,0.05,0.85,9,0.9,1,0.890790149997151,0.0011982814593778192
185,0.1,0.85,9,0.9,1,0.8883901480978519,0.001100030003067769
186,0.2,0.85,9,0.9,1,0.8851210684507417,7.159116192494745e-4
187,0.4,0.85,9,0.9,1,0.8791589309794685,0.001621046901666149
188,0.05,1,9,0.9,1,0.8876509052534615,0.001471725261077508
189,0.1,1,9,0.9,1,0.8851572738409527,0.0014988245720723085
190,0.2,1,9,0.9,1,0.88505322785892,0.0011709409829193775
191,0.4,1,9,0.9,1,0.8805731966154489,0.0012845802072831572
192,0.05,0.5,3,0.6,3,0.8752269365729046,0.0021530328894310328
193,0.1,0.5,3,0.6,3,0.8788896756471862,0.0019957629920585667
194,0.2,0.5,3,0.6,3,0.8794118048565079,0.001678505758397333
195,0.4,0.5,3,0.6,3,0.8731734677404038,0.0017017474277373826
196,0.05,0.7,3,0.6,3,0.8755827583996505,0.0019358437049568024
197,0.1,0.7,3,0.6,3,0.8797171765493533,0.0018535588542379282
198,0.2,0.7,3,0.6,3,0.8804338652162352,0.0016823672332484602
199,0.4,0.7,3,0.6,3,0.8761369679588232,0.0016698204228224546
200,0.05,0.85,3,0.6,3,0.8753808688344001,0.002000466766846405
201,0.1,0.85,3,0.6,3,0.878761977455319,0.0016317774374894145
202,0.2,0.85,3,0.6,3,0.8807490598469164,0.002209560720315582
203,0.4,0.85,3,0.6,3,0.8769518563275152,0.0014385629276560201
204,0.05,1,3,0.6,3,0.8750628252549809,0.002178456676942888
205,0.1,1,3,0.6,3,0.8778580594385671,0.0020718644502137422
206,0.2,1,3,0.6,3,0.8802706738713415,0.002178795309430038
207,0.4,1,3,0.6,3,0.8789211327895007,0.0012606926681376094
208,0.05,0.5,5,0.6,3,0.8871815409488898,0.0019449018785353256
209,0.1,0.5,5,0.6,3,0.8861088523959659,0.0016142726527728836
210,0.2,0.5,5,0.6,3,0.8799807339841599,0.0017427467467183832
211,0.4,0.5,5,0.6,3,0.8648341793128336,0.001643885882369587
212,0.05,0.7,5,0.6,3,0.8880069644926022,0.0014987213058015687
213,0.1,0.7,5,0.6,3,0.8867142243262236,0.0014354969033757083
214,0.2,0.7,5,0.6,3,0.8807626220299709,0.001750698177773923
215,0.4,0.7,5,0.6,3,0.8704122428823764,0.001766248527266239
216,0.05,0.85,5,0.6,3,0.8880564353003741,0.0015514835265959324
217,0.1,0.85,5,0.6,3,0.8872508060150804,0.0016029831319738456
218,0.2,0.85,5,0.6,3,0.88124908002697,0.0014000173594835722
219,0.4,0.85,5,0.6,3,0.8707355688875804,0.0010995472359813935
220,0.05,1,5,0.6,3,0.8882297760251467,0.0014637058231511488
221,0.1,1,5,0.6,3,0.8873800770640633,0.001458701037640213
222,0.2,1,5,0.6,3,0.8833981667014872,0.0015281616552781689
223,0.4,1,5,0.6,3,0.8741812833564414,0.001938672313981074
224,0.05,0.5,7,0.6,3,0.890852559780441,0.0017430358407186665
225,0.1,0.5,7,0.6,3,0.8864376685628004,0.0016471077344655215
226,0.2,0.5,7,0.6,3,0.8776756970427912,0.0012897802258822696
227,0.4,0.5,7,0.6,3,0.8645159873506676,0.002202857329092568
228,0.05,0.7,7,0.6,3,0.8910215083759093,0.0011259950042266627
229,0.1,0.7,7,0.6,3,0.8882478787202522,0.0012135537916633944
230,0.2,0.7,7,0.6,3,0.8814005491348692,0.0017191605103578052
231,0.4,0.7,7,0.6,3,0.8721858321779263,0.0018951039419100122
232,0.05,0.85,7,0.6,3,0.8907511253347515,0.0014658477855266558
233,0.1,0.85,7,0.6,3,0.8890507480864561,0.0012569894533284868
234,0.2,0.85,7,0.6,3,0.880876283213994,8.125787297958425e-4
235,0.4,0.85,7,0.6,3,0.8726901851341855,0.0011726009259337812
236,0.05,1,7,0.6,3,0.8911849074566485,0.001371888109292649
237,0.1,1,7,0.6,3,0.8878617274600672,0.0013973200289668327
238,0.2,1,7,0.6,3,0.8829579744449298,0.0013233937319670076
239,0.4,1,7,0.6,3,0.8750790583274771,8.509884968265315e-4
240,0.05,0.5,9,0.6,3,0.8924063051983818,9.513922952658977e-4
241,0.1,0.5,9,0.6,3,0.8865551283451406,9.092454458998462e-4
242,0.2,0.5,9,0.6,3,0.8799366346318208,0.0011974744587768356
243,0.4,0.5,9,0.6,3,0.8653238423771629,0.0016074870784789253
244,0.05,0.7,9,0.6,3,0.8922705943381892,8.164287836961009e-4
245,0.1,0.7,9,0.6,3,0.888314383867353,6.393199180103514e-4
246,0.2,0.7,9,0.6,3,0.8814451826650966,0.001036182280308221
247,0.4,0.7,9,0.6,3,0.8727106322766899,0.0020888866792566838
248,0.05,0.85,9,0.6,3,0.8928370009591461,7.418540780084385e-4
249,0.1,0.85,9,0.6,3,0.8902400951548879,4.365564957085478e-4
250,0.2,0.85,9,0.6,3,0.8832788372965376,0.0011127848336006383
251,0.4,0.85,9,0.6,3,0.8776342092267952,0.0010358369710058357
252,0.05,1,9,0.6,3,0.891986322671934,0.0011168349018042475
253,0.1,1,9,0.6,3,0.8883128406867866,0.0012385277515438028
254,0.2,1,9,0.6,3,0.8843237189227175,9.207540898331124e-4
255,0.4,1,9,0.6,3,0.877861234829348,0.0015156796532656942
256,0.05,0.5,3,0.75,3,0.8753527651421625,0.0023200248790168545
257,0.1,0.5,3,0.75,3,0.8794039405709293,0.0016760994481657097
258,0.2,0.5,3,0.75,3,0.8803018639247118,0.0018976728203478677
259,0.4,0.5,3,0.75,3,0.8718000073597842,0.0013974593381198318
260,0.05,0.7,3,0.75,3,0.8754419134964199,0.0022145715913816258
261,0.1,0.7,3,0.75,3,0.8799846809652239,0.0020624451896795707
262,0.2,0.7,3,0.75,3,0.8806071762644584,0.0018818787269674312
263,0.4,0.7,3,0.75,3,0.8740144714725266,0.0014320703709901402
264,0.05,0.85,3,0.75,3,0.8747229990883364,0.0023204915098724533
265,0.1,0.85,3,0.75,3,0.8792671910315094,0.002178377893966195
266,0.2,0.85,3,0.75,3,0.8799817429868378,0.0014090221688005454
267,0.4,0.85,3,0.75,3,0.8770992300716035,0.0017550904521503455
268,0.05,1,3,0.75,3,0.8740949245978235,0.002272464669270252
269,0.1,1,3,0.75,3,0.8779997946382785,0.002209360778682238
270,0.2,1,3,0.75,3,0.8801841073768779,0.0019787272905797517
271,0.4,1,3,0.75,3,0.8773911879641412,0.0014598661859244464
272,0.05,0.5,5,0.75,3,0.8875954694592695,0.001879523460770891
273,0.1,0.5,5,0.75,3,0.8878236524472469,0.0011328438181349312
274,0.2,0.5,5,0.75,3,0.8795234183586257,0.0017024444685987937
275,0.4,0.5,5,0.75,3,0.8654360197337182,0.0011171725626518186
276,0.05,0.7,5,0.75,3,0.8875850233138972,0.0017506872030902823
277,0.1,0.7,5,0.75,3,0.886382707593398,0.0010223394767820697
278,0.2,0.7,5,0.75,3,0.8799343198609713,0.0013292205408705119
279,0.4,0.7,5,0.75,3,0.8690769762207745,0.0010012924202172067
280,0.05,0.85,5,0.75,3,0.8878656744411312,0.0016272498579205934
281,0.1,0.85,5,0.75,3,0.8869785533513134,0.0016067363258366004
282,0.2,0.85,5,0.75,3,0.8830196126379366,8.374038261318554e-4
283,0.4,0.85,5,0.75,3,0.8736979413971244,0.0017616033929598457
284,0.05,1,5,0.75,3,0.8865580366469773,0.0016265525411284418
285,0.1,1,5,0.75,3,0.8856876234544453,0.00173342163223131
286,0.2,1,5,0.75,3,0.8850241151640045,0.0011734289473687629
287,0.4,1,5,0.75,3,0.8731736754762492,0.0012841677000282594
288,0.05,0.5,7,0.75,3,0.890256743699075,0.0013589259080222466
289,0.1,0.5,7,0.75,3,0.8862644168676759,0.0012006999562718529
290,0.2,0.5,7,0.75,3,0.876951262796528,8.469189529701559e-4
291,0.4,0.5,7,0.75,3,0.8659850952498528,0.0014780759134855807
292,0.05,0.7,7,0.75,3,0.8911003886440904,0.0012441780559124796
293,0.1,0.7,7,0.75,3,0.8870150851835673,0.0012013596344591464
294,0.2,0.7,7,0.75,3,0.8795091142618374,0.001168684439722471
295,0.4,0.7,7,0.75,3,0.8715529500864181,0.0016818081115816533
296,0.05,0.85,7,0.75,3,0.8903554479022241,0.0013771160826698328
297,0.1,0.85,7,0.75,3,0.887489672560825,0.0014783924484904464
298,0.2,0.85,7,0.75,3,0.8818098481035498,0.0013274708846286137
299,0.4,0.85,7,0.75,3,0.8747829457180301,0.001471385295405112
300,0.05,1,7,0.75,3,0.889773906241097,0.0011540997954182035
301,0.1,1,7,0.75,3,0.8875353744468292,6.477288465031458e-4
302,0.2,1,7,0.75,3,0.8825287625116331,0.0010428291762961538
303,0.4,1,7,0.75,3,0.8769415288883402,0.0019989712771278714
304,0.05,0.5,9,0.75,3,0.8915706729216919,0.001108104440080125
305,0.1,0.5,9,0.75,3,0.8865793147328636,8.094415186600681e-4
306,0.2,0.5,9,0.75,3,0.8785983706387342,0.0018413866212760967
307,0.4,0.5,9,0.75,3,0.8686688643140681,0.0024953029809355203
308,0.05,0.7,9,0.75,3,0.8910604440086608,0.0011251519597652547
309,0.1,0.7,9,0.75,3,0.8870733699264971,7.496094916438835e-4
310,0.2,0.7,9,0.75,3,0.8823794894683862,0.0016752150521855017
311,0.4,0.7,9,0.75,3,0.8741139175894095,0.0013239727487234885
312,0.05,0.85,9,0.75,3,0.8911383449507132,8.631009150259168e-4
313,0.1,0.85,9,0.75,3,0.8885347915993999,0.001227768783321107
314,0.2,0.85,9,0.75,3,0.8834230059732958,0.0010240152290904836
315,0.4,0.85,9,0.75,3,0.8757530127632903,0.001987890305239412
316,0.05,1,9,0.75,3,0.8895060160300848,8.912429183912659e-4
317,0.1,1,9,0.75,3,0.8865811250023741,0.0010086422312163535
318,0.2,1,9,0.75,3,0.8840233625667129,9.155026815825514e-4
319,0.4,1,9,0.75,3,0.879216503485214,0.0014505681431152043
320,0.05,0.5,3,0.9,3,0.8759664168296898,0.0021264823630649664
321,0.1,0.5,3,0.9,3,0.8791489893354352,0.0018991607875860816
322,0.2,0.5,3,0.9,3,0.8801066515830658,0.0019123300623947988
323,0.4,0.5,3,0.9,3,0.8730377568802112,0.001218456965040234
324,0.05,0.7,3,0.9,3,0.8752250669502953,0.002133242678143711
325,0.1,0.7,3,0.9,3,0.8796435193538584,0.002024289455176516
326,0.2,0.7,3,0.9,3,0.880330353412091,0.0019539100707021066
327,0.4,0.7,3,0.9,3,0.873482103853678,0.0018297347940742599
328,0.05,0.85,3,0.9,3,0.874225085943287,0.0019329233058367832
329,0.1,0.85,3,0.9,3,0.8783149595924103,0.0019702169533398458
330,0.2,0.85,3,0.9,3,0.8797279788133179,0.001889224892827999
331,0.4,0.85,3,0.9,3,0.8765095570359537,8.696094697824833e-4
332,0.05,1,3,0.9,3,0.8725409417674878,0.0021354587948982607
333,0.1,1,3,0.9,3,0.8780700093540483,0.0017503846143371352
334,0.2,1,3,0.9,3,0.8788962935176919,0.002257180246349831
335,0.4,1,3,0.9,3,0.876482699758789,0.002241340888621737
336,0.05,0.5,5,0.9,3,0.887402809300868,0.0014920513927376576
337,0.1,0.5,5,0.9,3,0.8859288344475889,0.0014975041986884845
338,0.2,0.5,5,0.9,3,0.8781041967389034,6.0836352979847e-4
339,0.4,0.5,5,0.9,3,0.8635994568004407,0.0017416688919865242
340,0.05,0.7,5,0.9,3,0.8875870413192531,0.0011786897322422466
341,0.1,0.7,5,0.9,3,0.885919783100036,0.0011212224365507665
342,0.2,0.7,5,0.9,3,0.8802378219312074,0.0010911505487264021
343,0.4,0.7,5,0.9,3,0.8703619708077719,0.0014751275802239905
344,0.05,0.85,5,0.9,3,0.8867768121688097,0.0014604226626804492
345,0.1,0.85,5,0.9,3,0.8869732709255285,0.0013574351234462085
346,0.2,0.85,5,0.9,3,0.8819084336005014,0.001581806964050801
347,0.4,0.85,5,0.9,3,0.8733597771172438,0.0013338187379903308
348,0.05,1,5,0.9,3,0.8855239869613113,0.0017225322269780986
349,0.1,1,5,0.9,3,0.8849881471861883,0.0014227468569686455
350,0.2,1,5,0.9,3,0.8819170397998138,0.0014930161808508996
351,0.4,1,5,0.9,3,0.873272350002849,0.0022323239411150392
352,0.05,0.5,7,0.9,3,0.889970038555773,9.553911851291935e-4
353,0.1,0.5,7,0.9,3,0.8848687584281401,9.557433591778086e-4
354,0.2,0.5,7,0.9,3,0.8787889237621317,0.0013121260409860334
355,0.4,0.5,7,0.9,3,0.8648659925737403,0.0015018048433131806
356,0.05,0.7,7,0.9,3,0.8900590088507341,0.001268777529067813
357,0.1,0.7,7,0.9,3,0.8865823417408976,0.0011673628572309107
358,0.2,0.7,7,0.9,3,0.880672998850924,6.998710148799058e-4
359,0.4,0.7,7,0.9,3,0.8706228276765874,0.001746418760238779
360,0.05,0.85,7,0.9,3,0.8902850254506087,0.001364799338018157
361,0.1,0.85,7,0.9,3,0.8870070428386926,7.312025187805186e-4
362,0.2,0.85,7,0.9,3,0.8809052772027122,0.0014175933863699054
363,0.4,0.85,7,0.9,3,0.8740608262426165,0.0010205124618230617
364,0.05,1,7,0.9,3,0.8876865171126854,0.001241207095194787
365,0.1,1,7,0.9,3,0.8856539405709293,0.001589444765192892
366,0.2,1,7,0.9,3,0.8825064754230689,0.0013047629008733942
367,0.4,1,7,0.9,3,0.8771238912841162,6.606988840349941e-4
368,0.05,0.5,9,0.9,3,0.8912453585876812,9.040549580175785e-4
369,0.1,0.5,9,0.9,3,0.8867530115762283,7.25655329696182e-4
370,0.2,0.5,9,0.9,3,0.8793765194393269,0.0013836940435834433
371,0.4,0.5,9,0.9,3,0.8675916352490931,0.002686194352625723
372,0.05,0.7,9,0.9,3,0.890308647983894,0.0012667003571361084
373,0.1,0.7,9,0.9,3,0.8872886732920552,8.880669357330479e-4
374,0.2,0.7,9,0.9,3,0.8822742267478301,0.0014430973077351236
375,0.4,0.7,9,0.9,3,0.8759573061290384,0.001280963224152281
376,0.05,0.85,9,0.9,3,0.891454429877875,0.001078041037892674
377,0.1,0.85,9,0.9,3,0.8872637746671478,0.0012300387450016451
378,0.2,0.85,9,0.9,3,0.8833274474843783,0.0011461759444248384
379,0.4,0.85,9,0.9,3,0.876328144289757,6.550418789399068e-4
380,0.05,1,9,0.9,3,0.8875826788664983,0.001028629704724048
381,0.1,1,9,0.9,3,0.8868849831912025,0.0010277170665833884
382,0.2,1,9,0.9,3,0.8838012335948036,0.001155495158654632
383,0.4,1,9,0.9,3,0.879938326195134,0.001421982391650394
384,0.05,0.5,3,0.6,7,0.8751852706976125,0.0022708877662038327
385,0.1,0.5,3,0.6,7,0.8781233974663349,0.002011714124016603
386,0.2,0.5,3,0.6,7,0.8791645695238457,0.0018190219541976116
387,0.4,0.5,3,0.6,7,0.8730955667983514,0.001586579051241279
388,0.05,0.7,3,0.6,7,0.8755208531176996,0.001899231026754726
389,0.1,0.7,3,0.6,7,0.879010370173406,0.002162524600198832
390,0.2,0.7,3,0.6,7,0.8802804077795293,0.0017326283729890803
391,0.4,0.7,3,0.6,7,0.8750394698106398,0.0011417992836876868
392,0.05,0.85,3,0.6,7,0.8752649819091755,0.0021831001788647814
393,0.1,0.85,3,0.6,7,0.8783377511823137,0.0018357733925761406
394,0.2,0.85,3,0.6,7,0.8794419562306509,0.0016892867524593692
395,0.4,0.85,3,0.6,7,0.8771137715807867,0.0016527880497657962
396,0.05,1,3,0.6,7,0.8753271542800707,0.002398416061251295
397,0.1,1,3,0.6,7,0.8779175015669218,0.002166432412372451
398,0.2,1,3,0.6,7,0.8801928322823878,0.002391702327079769
399,0.4,1,3,0.6,7,0.8792859466107006,0.0017968948928546564
400,0.05,0.5,5,0.6,7,0.8866744874266396,0.001497989361343545
401,0.1,0.5,5,0.6,7,0.8855107512202997,0.001552181625670032
402,0.2,0.5,5,0.6,7,0.8795158211619912,0.0015788991659407747
403,0.4,0.5,5,0.6,7,0.8654859060131811,0.0011316906791849386
404,0.05,0.7,5,0.6,7,0.8882947676682305,0.0014373284896853611
405,0.1,0.7,5,0.6,7,0.8864895728476192,0.0013288135713673812
406,0.2,0.7,5,0.6,7,0.8800576852766329,0.001393740873682616
407,0.4,0.7,5,0.6,7,0.8701677081157053,0.001292474452168229
408,0.05,0.85,5,0.6,7,0.8885194784999335,0.0014595338159547264
409,0.1,0.85,5,0.6,7,0.8876286181648971,0.001691716623704381
410,0.2,0.85,5,0.6,7,0.8825888278475242,0.001266823592451293
411,0.4,0.85,5,0.6,7,0.871417862433762,0.001146620719629276
412,0.05,1,5,0.6,7,0.8880342669180072,0.0014642986959368962
413,0.1,1,5,0.6,7,0.8872976059334106,0.0017269886013199834
414,0.2,1,5,0.6,7,0.8832494278361285,0.002139270770369139
415,0.4,1,5,0.6,7,0.8743191606047369,0.0011674494848546773
416,0.05,0.5,7,0.6,7,0.889202870078441,0.001378803743580124
417,0.1,0.5,7,0.6,7,0.8863713117984463,0.0012232517124184906
418,0.2,0.5,7,0.6,7,0.8796715043398986,0.0018760677021218838
419,0.4,0.5,7,0.6,7,0.8647863703918254,0.0011158490498843151
420,0.05,0.7,7,0.6,7,0.891114217916089,0.0012199252615746868
421,0.1,0.7,7,0.6,7,0.888606282406792,9.829020512695942e-4
422,0.2,0.7,7,0.6,7,0.8808384456135686,0.0012989122012943795
423,0.4,0.7,7,0.6,7,0.8671349428310953,0.001490598434162158
424,0.05,0.85,7,0.6,7,0.8919881922945433,0.0011881726724958582
425,0.1,0.85,7,0.6,7,0.889322733661279,9.470052698112517e-4
426,0.2,0.85,7,0.6,7,0.883007207840307,0.0014240183137631047
427,0.4,0.85,7,0.6,7,0.871879036010712,9.975464076215168e-4
428,0.05,1,7,0.6,7,0.8914165032478015,0.0013462247406776523
429,0.1,1,7,0.6,7,0.8898207358359765,8.377460267104328e-4
430,0.2,1,7,0.6,7,0.8828195333421968,0.001028435905203657
431,0.4,1,7,0.6,7,0.8743218018176293,0.0016915095414992158
432,0.05,0.5,9,0.6,7,0.8898815727621507,9.622853027679507e-4
433,0.1,0.5,9,0.6,7,0.885405102704602,6.386523178566764e-4
434,0.2,0.5,9,0.6,7,0.8765935416706235,0.0018050753865880428
435,0.4,0.5,9,0.6,7,0.8629757744392319,0.0024976972306743565
436,0.05,0.7,9,0.6,7,0.891631925319557,8.192429397513497e-4
437,0.1,0.7,9,0.6,7,0.8877229302387419,7.506666132568835e-4
438,0.2,0.7,9,0.6,7,0.8814109952802416,0.0018476671978318077
439,0.4,0.7,9,0.6,7,0.8705637119902756,5.816049266926729e-4
440,0.05,0.85,9,0.6,7,0.8922904182731572,9.294229683077598e-4
441,0.1,0.85,9,0.6,7,0.8888523603540294,8.664331147800193e-4
442,0.2,0.85,9,0.6,7,0.8831637813146949,8.185747282900242e-4
443,0.4,0.85,9,0.6,7,0.8736599554139522,0.0017492072741383973
444,0.05,1,9,0.6,7,0.8927104601527036,7.262187793513165e-4
445,0.1,1,9,0.6,7,0.8901457830810431,9.46318343103053e-4
446,0.2,1,9,0.6,7,0.8835722196634442,0.0010812497119464515
447,0.4,1,9,0.6,7,0.8759908999829064,7.205005176404312e-4
448,0.05,0.5,3,0.75,7,0.8755096947351427,0.0021286205690029315
449,0.1,0.5,3,0.75,7,0.8792240710052991,0.002008997805836964
450,0.2,0.5,3,0.75,7,0.8795752929668952,0.0017504908239302263
451,0.4,0.5,3,0.75,7,0.873610128487588,0.0017233771053877965
452,0.05,0.7,3,0.75,7,0.8756601548403639,0.0021637050390499743
453,0.1,0.7,3,0.75,7,0.8795727704602002,0.001966474745831884
454,0.2,0.7,3,0.75,7,0.8797736510227726,0.0017615248307453306
455,0.4,0.7,3,0.75,7,0.8771507782378303,0.0016261024921339188
456,0.05,0.85,3,0.75,7,0.874955989677309,0.002373637310371223
457,0.1,0.85,3,0.75,7,0.8792084017872405,0.002356699496071865
458,0.2,0.85,3,0.75,7,0.8799578533646084,0.002078185915687229
459,0.4,0.85,3,0.75,7,0.8772867858635164,0.0019280848437140915
460,0.05,1,3,0.75,7,0.8739022644394219,0.002219948825929333
461,0.1,1,3,0.75,7,0.8777851441568062,0.0021035142006781164
462,0.2,1,3,0.75,7,0.8804482880192209,0.0015722675074366563
463,0.4,1,3,0.75,7,0.8778588310288503,0.0015299445556720356
464,0.05,0.5,5,0.75,7,0.8866749325748798,0.0015571640713237822
465,0.1,0.5,5,0.75,7,0.8860464129361265,0.0014744739876236957
466,0.2,0.5,5,0.75,7,0.879314287715333,0.0015773971476173822
467,0.4,0.5,5,0.75,7,0.8650625700366564,0.0019823728878173
468,0.05,0.7,5,0.75,7,0.8870797503846081,0.0015773380521764925
469,0.1,0.7,5,0.75,7,0.8854670673396516,9.549545592041803e-4
470,0.2,0.7,5,0.75,7,0.8806846914113692,0.00198078406352272
471,0.4,0.7,5,0.75,7,0.8683223906003684,0.0023284244061984034
472,0.05,0.85,5,0.75,7,0.8880027800991434,0.001723349620436553
473,0.1,0.85,5,0.75,7,0.8874381837476971,0.0016141615912314573
474,0.2,0.85,5,0.75,7,0.8819245479668002,0.0014753907013610467
475,0.4,0.85,5,0.75,7,0.8718658892993485,0.002053064370822616
476,0.05,1,5,0.75,7,0.8871026606807088,0.0017420080718837123
477,0.1,1,5,0.75,7,0.886219575601603,0.0018733634905965574
478,0.2,1,5,0.75,7,0.8832914795065621,0.0013463952740708804
479,0.4,1,5,0.75,7,0.8723334433344095,0.0017547432908145864
480,0.05,0.5,7,0.75,7,0.8896038596133027,0.0010679798863585718
481,0.1,0.5,7,0.75,7,0.886212097111166,0.001405693077070622
482,0.2,0.5,7,0.75,7,0.8767586916677745,0.0011692313140513019
483,0.4,0.5,7,0.75,7,0.8645600273499079,0.0011609158836484686
484,0.05,0.7,7,0.75,7,0.8912393639247118,0.0011545203444910724
485,0.1,0.7,7,0.75,7,0.8867322973447798,7.83297935304818e-4
486,0.2,0.7,7,0.75,7,0.8802084718238969,0.0016610585290771115
487,0.4,0.7,7,0.75,7,0.8700480819452622,0.0016218852724184426
488,0.05,0.85,7,0.75,7,0.8912350905016049,0.0013180765425846981
489,0.1,0.85,7,0.75,7,0.8876382927199863,0.0012046695393361565
490,0.2,0.85,7,0.75,7,0.8826276744506277,0.0016696591278548157
491,0.4,0.85,7,0.75,7,0.8714241835387742,0.0010628867698282967
492,0.05,1,7,0.75,7,0.8900419745114053,0.0012607144584776124
493,0.1,1,7,0.75,7,0.8884524688514938,0.001429974393687946
494,0.2,1,7,0.75,7,0.8826726047463486,7.694591468383334e-4
495,0.4,1,7,0.75,7,0.8751809972745057,0.0019027855380944684
496,0.05,0.5,9,0.75,7,0.8905076886004064,7.802951933928554e-4
497,0.1,0.5,9,0.75,7,0.8844393090824486,0.001478201505381688
498,0.2,0.5,9,0.75,7,0.8766648544187194,9.071627825276565e-4
499,0.4,0.5,9,0.75,7,0.8652180454787184,8.309845854344494e-4
500,0.05,0.7,9,0.75,7,0.8913834732483713,0.0011159782363564519
501,0.1,0.7,9,0.75,7,0.8879670198571726,8.204561447188263e-4
502,0.2,0.7,9,0.75,7,0.8793000132950941,0.0011549404083395932
503,0.4,0.7,9,0.75,7,0.8698963457484188,0.0015477679000911694
504,0.05,0.85,9,0.75,7,0.8912781808512659,9.603843039130174e-4
505,0.1,0.85,9,0.75,7,0.8887493827277735,8.290857243048655e-4
506,0.2,0.85,9,0.75,7,0.8821341237583332,0.001345146350671812
507,0.4,0.85,9,0.75,7,0.8741659405804258,0.001656170329262361
508,0.05,1,9,0.75,7,0.8908057301855615,0.0010726840215058082
509,0.1,1,9,0.75,7,0.8878321992934607,0.0016317487932568252
510,0.2,1,9,0.75,7,0.8831129157091033,0.0011699781730298666
511,0.4,1,9,0.75,7,0.8754273719872367,0.0011941276477819283
512,0.05,0.5,3,0.9,7,0.8756900094490133,0.0021565258100577516
513,0.1,0.5,3,0.9,7,0.8787625413097567,0.0022035246028523454
514,0.2,0.5,3,0.9,7,0.8799880047387514,0.001974592034765205
515,0.4,0.5,3,0.9,7,0.8736389147404607,0.0013183309214596136
516,0.05,0.7,3,0.9,7,0.8751390643102694,0.0022191539053411807
517,0.1,0.7,3,0.9,7,0.8787973519021481,0.0019577150998255836
518,0.2,0.7,3,0.9,7,0.8792100043209056,0.0018600469393569923
519,0.4,0.7,3,0.9,7,0.8754144330117187,0.001853162548792061
520,0.05,0.85,3,0.9,7,0.8738172114489753,0.0022357347726839607
521,0.1,0.85,3,0.9,7,0.8777425879850336,0.00206554536309542
522,0.2,0.85,3,0.9,7,0.8789770434084823,0.002300261416169305
523,0.4,0.85,3,0.9,7,0.8753657634707793,0.0019632020994273095
524,0.05,1,3,0.9,7,0.8722622196159617,0.0021434404486427106
525,0.1,1,3,0.9,7,0.8773284517388084,0.0020813850074381398
526,0.2,1,3,0.9,7,0.8787297190461719,0.0019690965962082495
527,0.4,1,3,0.9,7,0.8779248613511614,0.001966152106829647
528,0.05,0.5,5,0.9,7,0.8862962598051319,0.0014530774077370166
529,0.1,0.5,5,0.9,7,0.8849943199084538,0.001628445681701546
530,0.2,0.5,5,0.9,7,0.8783071843364798,0.0014725574858345165
531,0.4,0.5,5,0.9,7,0.8643083108582933,0.001205283794672085
532,0.05,0.7,5,0.9,7,0.8868456617633094,0.001401120059808955
533,0.1,0.7,5,0.9,7,0.8863483124726975,0.0010157318190764971
534,0.2,0.7,5,0.9,7,0.8812849292985888,0.0010926836462804871
535,0.4,0.7,5,0.9,7,0.8682680528385026,0.0025066273148077797
536,0.05,0.85,5,0.9,7,0.8869505683652732,0.0014916210239329334
537,0.1,0.85,5,0.9,7,0.885582687175932,0.0015468953376080825
538,0.2,0.85,5,0.9,7,0.8823610009781391,0.0015117031402844287
539,0.4,0.85,5,0.9,7,0.8715516443182466,0.001790895254203297
540,0.05,1,5,0.9,7,0.8856658111906707,0.0018068593032486671
541,0.1,1,5,0.9,7,0.885745730138079,0.0018422559309467996
542,0.2,1,5,0.9,7,0.8819606643273632,0.0013383244046749816
543,0.4,1,5,0.9,7,0.8747275396003875,0.0012108712562840277
544,0.05,0.5,7,0.9,7,0.889228569970181,0.0010200590980171775
545,0.1,0.5,7,0.9,7,0.8842033211619912,0.0013283412576078541
546,0.2,0.5,7,0.9,7,0.8773085090976429,9.374290800912219e-4
547,0.4,0.5,7,0.9,7,0.8630548921198078,0.0016676182164373544
548,0.05,0.7,7,0.9,7,0.8902124662874399,0.0012570992404596565
549,0.1,0.7,7,0.9,7,0.8859150051755902,0.0016418919390843061
550,0.2,0.7,7,0.9,7,0.8796908831266262,0.001272343428085065
551,0.4,0.7,7,0.9,7,0.8712526827600615,0.001918739092890754
552,0.05,0.85,7,0.9,7,0.8893106849822415,0.0013325996880855112
553,0.1,0.85,7,0.9,7,0.888001236918577,0.0010547549442662687
554,0.2,0.85,7,0.9,7,0.8807238941330648,0.0010032686473610242
555,0.4,0.85,7,0.9,7,0.874915748276386,0.0018217038312111854
556,0.05,1,7,0.9,7,0.8885461577178021,0.0011190911273029518
557,0.1,1,7,0.9,7,0.8869335340259444,8.573391867613238e-4
558,0.2,1,7,0.9,7,0.8817628701259236,0.001003916718613898
559,0.4,1,7,0.9,7,0.8751216441757991,0.0011163530451928142
560,0.05,0.5,9,0.9,7,0.889767436753338,8.963408274673765e-4
561,0.1,0.5,9,0.9,7,0.8845751980019373,0.0014444811281738982
562,0.2,0.5,9,0.9,7,0.875618251552677,0.0015724756065299181
563,0.4,0.5,9,0.9,7,0.8640586420485841,0.0018407712871394736
564,0.05,0.7,9,0.9,7,0.8898668828702209,0.0010761822359998514
565,0.1,0.7,9,0.9,7,0.886418319452622,0.0010921605713594233
566,0.2,0.7,9,0.9,7,0.8805739088526333,0.0013223488262436775
567,0.4,0.7,9,0.9,7,0.8706422954929631,0.0012889495319126723
568,0.05,0.85,9,0.9,7,0.8908776958177432,0.0013946368260828125
569,0.1,0.85,9,0.9,7,0.8875860323165752,0.0010723744407245468
570,0.2,0.85,9,0.9,7,0.8820822491500636,0.0012210510578238428
571,0.4,0.85,9,0.9,7,0.8748265702455794,0.0013431580848940498
572,0.05,1,9,0.9,7,0.889756011281837,9.186023566555719e-4
573,0.1,1,9,0.9,7,0.8870664256139484,0.0011324819746314093
574,0.2,1,9,0.9,7,0.8832152701278229,9.471223344859476e-4
575,0.4,1,9,0.9,7,0.8765166200546998,0.0018307162300767107
