model_number,model_type,draw,metric,Q_i,U_i
model_1,xgboost,1,precision,0.983542525642885,5.828053229379293e-7
model_1,xgboost,1,recall,0.8209148104063935,3.402921763996883e-5
model_1,xgboost,1,roc_auc,0.8164182206351905,5.5946948324056824e-5
model_1,xgboost,1,accuracy,0.8150986466655796,3.0324066325959078e-5
model_1,xgboost,1,f1,0.89485411142707,1.2157725380707858e-5
model_1,xgboost,2,precision,0.9836983542675473,6.023899215801532e-7
model_1,xgboost,2,recall,0.8227172249617413,3.417147106902111e-5
model_1,xgboost,2,roc_auc,0.8162321222770126,5.824048179328571e-5
model_1,xgboost,2,accuracy,0.8169248328713516,3.0380960506160367e-5
model_1,xgboost,2,f1,0.8959884574126079,1.2136623085686594e-05
model_1,xgboost,3,precision,0.9834440644420055,7.909838180266726e-7
model_1,xgboost,3,recall,0.8219350450603639,3.112053980203243e-5
model_1,xgboost,3,roc_auc,0.8168568135750588,5.980249079662e-5
model_1,xgboost,3,accuracy,0.8159791293005054,2.7648444692569254e-5
model_1,xgboost,3,f1,0.8954226387370218,1.1040408132682265e-5
model_1,xgboost,4,precision,0.9837170487665812,6.223103412046346e-7
model_1,xgboost,4,recall,0.8214589355551777,3.3744710781864424e-5
model_1,xgboost,4,roc_auc,0.8171562038633965,5.7895129346900744e-5
model_1,xgboost,4,accuracy,0.8157508560247839,2.9045276574706527e-5
model_1,xgboost,4,f1,0.8952484576512901,1.1702383213956696e-5
model_1,xgboost,5,precision,0.9836641548909175,8.228751887417883e-7
model_1,xgboost,5,recall,0.8208467947627954,2.789728527546019e-5
model_1,xgboost,5,roc_auc,0.8157668089057308,5.4031509849856756e-5
model_1,xgboost,5,accuracy,0.8151312571335398,2.4468219535712245e-5
model_1,xgboost,5,f1,0.8948712114197181,9.79899301063372e-6
model_1,xgboost,6,precision,0.9836578015547106,5.431736985053983e-7
model_1,xgboost,6,recall,0.8228532562489372,2.7604682693751403e-5
model_1,xgboost,6,roc_auc,0.8166044539450423,6.140587175075784e-5
model_1,xgboost,6,accuracy,0.8170226642752324,2.5435952320443752e-5
model_1,xgboost,6,f1,0.8960624343593095,1.00579210184047e-5
model_1,xgboost,7,precision,0.9832045340827927,7.152249078480219e-7
model_1,xgboost,7,recall,0.8217650059513688,3.527248947924567e-5
model_1,xgboost,7,roc_auc,0.8168438582143734,5.107763937523228e-5
model_1,xgboost,7,accuracy,0.8156204141529431,2.9966217884132534e-5
model_1,xgboost,7,f1,0.8952150593954523,1.209510377794174e-5
model_1,xgboost,8,precision,0.9837023476659881,5.610743454900668e-7
model_1,xgboost,8,recall,0.8210168338717905,3.775672009391258e-5
model_1,xgboost,8,roc_auc,0.8175496554683768,6.0652643853106296e-5
model_1,xgboost,8,accuracy,0.8153269199413012,3.4350791808801273e-5
model_1,xgboost,8,f1,0.8949770394228664,1.3736290152668656e-5
model_1,xgboost,9,precision,0.9835641257751727,7.219114363547137e-7
model_1,xgboost,9,recall,0.8222751232783541,3.760868400514304e-5
model_1,xgboost,9,roc_auc,0.8173530308796421,5.570556241088955e-5
model_1,xgboost,9,accuracy,0.8164030653839882,3.5431249511314814e-5
model_1,xgboost,9,f1,0.8956685643719411,1.4012879795624356e-5
model_1,xgboost,10,precision,0.9832743556735558,5.289267467353014e-7
model_1,xgboost,10,recall,0.8214249277333787,3.1652544496048714e-5
model_1,xgboost,10,roc_auc,0.8173520862179253,5.3665211229326465e-5
model_1,xgboost,10,accuracy,0.8153595304092613,2.7454366414312606e-5
model_1,xgboost,10,f1,0.8950483186444151,1.1014356733330706e-5
model_1,xgboost,11,precision,0.9829741511109267,6.72693841472824e-7
model_1,xgboost,11,recall,0.822139091991158,2.4871219445257416e-5
model_1,xgboost,11,roc_auc,0.8146020410091146,5.151250284378849e-5
model_1,xgboost,11,accuracy,0.8157834664927442,1.9991126103052505e-5
model_1,xgboost,11,f1,0.8953543295448839,8.135411792927342e-6
model_1,xgboost,12,precision,0.9833223675611081,4.1031869988890504e-7
model_1,xgboost,12,recall,0.8218330215949669,3.347408230708227e-5
model_1,xgboost,12,roc_auc,0.8175835958143389,4.8106668904529805e-5
model_1,xgboost,12,accuracy,0.8157834664927441,2.8881506411136637e-5
model_1,xgboost,12,f1,0.8953079349021366,1.1654885535626812e-5
model_1,xgboost,13,precision,0.9833591539572003,5.110890875496028e-7
model_1,xgboost,13,recall,0.8218330215949669,3.3017252189394394e-5
model_1,xgboost,13,roc_auc,0.8169918327247012,5.24979415312385e-5
model_1,xgboost,13,accuracy,0.8158160769607044,2.9698230343745223e-5
model_1,xgboost,13,f1,0.8953253801274461,1.1856914723427902e-5
model_1,xgboost,14,precision,0.9834334312500603,6.746961129433343e-7
model_1,xgboost,14,recall,0.8215949668423738,2.9773180087839085e-5
model_1,xgboost,14,roc_auc,0.816854519396604,4.716587922010419e-5
model_1,xgboost,14,accuracy,0.8156530246209033,2.7475635266724293e-5
model_1,xgboost,14,f1,0.8952197585923447,1.09064908441189e-5
model_1,xgboost,15,precision,0.9836399514702027,4.740759697172306e-7
model_1,xgboost,15,recall,0.8217650059513688,3.828814652195718e-5
model_1,xgboost,15,roc_auc,0.8176805585919682,5.1630771438679625e-5
model_1,xgboost,15,accuracy,0.8159791293005054,3.371804344955364e-5
model_1,xgboost,15,f1,0.8953934778671209,1.3529765006689988e-5
model_1,xgboost,16,precision,0.9833216637817307,4.615128420051492e-7
model_1,xgboost,16,recall,0.8218670294167658,3.5796398449657363e-5
model_1,xgboost,16,roc_auc,0.8167172735443438,5.569636744104373e-5
model_1,xgboost,16,accuracy,0.8158160769607044,3.1487472552878235e-5
model_1,xgboost,16,f1,0.89532544410227,1.2643113981584874e-5
model_1,xgboost,17,precision,0.9835672294472182,6.27088567977173e-7
model_1,xgboost,17,recall,0.8221050841693589,3.062323106632146e-5
model_1,xgboost,17,roc_auc,0.8174708436908743,5.784348833527178e-5
model_1,xgboost,17,accuracy,0.8162400130441871,2.6966246251464616e-5
model_1,xgboost,17,f1,0.8955752514072184,1.077772546373976e-5
model_1,xgboost,18,precision,0.9834729361421984,4.803244792815275e-7
model_1,xgboost,18,recall,0.8213569120897807,2.953666930539066e-5
model_1,xgboost,18,roc_auc,0.8163715948318907,5.14956694206388e-5
model_1,xgboost,18,accuracy,0.815457361813142,2.5550272402156622e-5
model_1,xgboost,18,f1,0.8950930392618835,1.0271804934718374e-5
model_1,xgboost,19,precision,0.9834992399830652,3.650908448817939e-7
model_1,xgboost,19,recall,0.8227852406053392,2.825234058211908e-5
model_1,xgboost,19,roc_auc,0.8169690933676651,4.763132780822566e-5
model_1,xgboost,19,accuracy,0.816827001467471,2.479841846940359e-5
model_1,xgboost,19,f1,0.8959540275777089,9.924471292978173e-6
model_1,xgboost,20,precision,0.9834575753899877,5.699925828320278e-7
model_1,xgboost,20,recall,0.8207107634755993,3.1650231432161355e-5
model_1,xgboost,20,roc_auc,0.8166821861091543,5.563497981492099e-5
model_1,xgboost,20,accuracy,0.8148377629218979,2.8411464772838383e-5
model_1,xgboost,20,f1,0.8947011833106696,1.1373684713914242e-5
model_1,rf,1,precision,0.9805853533357461,5.179570878512228e-7
model_1,rf,1,recall,0.8653630334977045,8.799473292222327e-6
model_1,rf,1,roc_auc,0.8100184074083071,6.254203396034913e-5
model_1,rf,1,accuracy,0.8544594814935594,6.342371789164355e-6
model_1,rf,1,f1,0.9193644511088762,2.3597291503941512e-6
model_1,rf,2,precision,0.9806237015282179,5.467505621242959e-7
model_1,rf,2,recall,0.8654650569631015,7.223698519185163e-6
model_1,rf,2,roc_auc,0.8109036903884719,6.041319100229428e-5
model_1,rf,2,accuracy,0.8545899233654003,5.602747446547924e-6
model_1,rf,2,f1,0.919441628261777,2.0543026565395395e-6
model_1,rf,3,precision,0.9805905783015383,7.008515599690112e-7
model_1,rf,3,recall,0.8655670804284985,6.582401556507017e-6
model_1,rf,3,roc_auc,0.8105776471445575,5.7043717502900934e-5
model_1,rf,3,accuracy,0.8546551443013207,4.523884907965254e-6
model_1,rf,3,f1,0.9194844411617551,1.6870400385650863e-6
model_1,rf,4,precision,0.9807266566240403,5.687077614778884e-7
model_1,rf,4,recall,0.8649549396361164,8.044836199079724e-6
model_1,rf,4,roc_auc,0.8106664453459216,6.416809542669562e-5
model_1,rf,4,accuracy,0.8541985977498777,6.126492937185737e-6
model_1,rf,4,f1,0.9191975644719159,2.2573848614661606e-6
model_1,rf,5,precision,0.9806563498967,6.720934507799497e-7
model_1,rf,5,recall,0.8651249787451114,9.932874596865588e-6
model_1,rf,5,roc_auc,0.8098352779869529,6.106120546251433e-5
model_1,rf,5,accuracy,0.8542964291537584,7.466962360432129e-6
model_1,rf,5,f1,0.9192597212498982,2.7607712201507216e-6
model_1,rf,6,precision,0.9806096493434693,6.129938794299907e-7
model_1,rf,6,recall,0.8648189083489203,9.40260470076453e-6
model_1,rf,6,roc_auc,0.8111386412525674,5.953865479799531e-5
model_1,rf,6,accuracy,0.8539703244741562,7.631795966622683e-6
model_1,rf,6,f1,0.9190679961877991,2.785105672450609e-6
model_1,rf,7,precision,0.9807185038611809,4.907049649513948e-7
model_1,rf,7,recall,0.8645808535963272,8.681507033983859e-6
model_1,rf,7,roc_auc,0.8106401297695295,5.365972829284629e-5
model_1,rf,7,accuracy,0.8538398826023154,6.5072053953549436e-6
model_1,rf,7,f1,0.9189818332853756,2.4064576031169026e-6
model_1,rf,8,precision,0.9807849090545645,8.035730704803943e-7
model_1,rf,8,recall,0.86413875191294,7.803699288857182e-6
model_1,rf,8,roc_auc,0.8109036903884719,5.672008850776305e-5
model_1,rf,8,accuracy,0.853481167454753,6.291858264686586e-6
model_1,rf,8,f1,0.9187623373077942,2.2936852619583127e-6
model_1,rf,9,precision,0.9807727426169429,5.683746516525084e-7
model_1,rf,9,recall,0.8653290256759055,7.971396420666616e-6
model_1,rf,9,roc_auc,0.8100686094309627,5.773041390811428e-5
model_1,rf,9,accuracy,0.8545899233654003,6.017490068575826e-6
model_1,rf,9,f1,0.9194290702139917,2.214841147915269e-6
model_1,rf,10,precision,0.9806875816743691,5.933097150879871e-7
model_1,rf,10,recall,0.8648529161707192,8.542144934790564e-6
model_1,rf,10,roc_auc,0.8108262281277074,5.7876294612096884e-5
model_1,rf,10,accuracy,0.8540681558780369,6.2716528548954535e-6
model_1,rf,10,f1,0.9191217540054469,2.3233457202138344e-6
model_1,rf,11,precision,0.9804194254572242,4.921226431278812e-7
model_1,rf,11,recall,0.8647168848835232,7.597258336940065e-6
model_1,rf,11,roc_auc,0.8100804851782577,5.8693709112909575e-5
model_1,rf,11,accuracy,0.8537094407304745,5.387400315879715e-6
model_1,rf,11,f1,0.9189284290639012,2.0145062414230413e-6
model_1,rf,12,precision,0.9806441074287785,5.07296363024709e-7
model_1,rf,12,recall,0.8646488692399252,8.523640423694297e-6
model_1,rf,12,roc_auc,0.8103238030461292,5.897177308242445e-5
model_1,rf,12,accuracy,0.8538398826023154,6.488595149494663e-6
model_1,rf,12,f1,0.9189878899869439,2.3989125499687746e-6
model_1,rf,13,precision,0.9806912167103379,5.41017686354367e-7
model_1,rf,13,recall,0.8650569631015134,9.384100189668352e-6
model_1,rf,13,roc_auc,0.8104904683632791,6.038966022857698e-5
model_1,rf,13,accuracy,0.8542638186857981,7.197911377424347e-6
model_1,rf,13,f1,0.919237875077157,2.651492175660511e-6
model_1,rf,14,precision,0.9804856982326308,6.679284749272574e-7
model_1,rf,14,recall,0.8643427988437341,6.706150474462861e-6
model_1,rf,14,roc_auc,0.8108972127081292,5.890227180302847e-5
model_1,rf,14,accuracy,0.8534159465188326,5.357092201193072e-6
model_1,rf,14,f1,0.9187480003152899,1.9553386313019336e-6
model_1,rf,15,precision,0.9806606974413712,6.610409309735091e-7
model_1,rf,15,recall,0.8653290256759054,9.032514478840214e-6
model_1,rf,15,roc_auc,0.8107391842981029,5.624752869786026e-5
model_1,rf,15,accuracy,0.8544920919615197,6.687990640854133e-6
model_1,rf,15,f1,0.9193779876884254,2.4692947163872945e-6
model_1,rf,16,precision,0.9808856423529008,5.939121791608514e-7
model_1,rf,16,recall,0.8652270022105084,9.528666682607473e-6
model_1,rf,16,roc_auc,0.8108798039422084,5.753390710373662e-5
model_1,rf,16,accuracy,0.8545899233654003,6.8655855584917216e-6
model_1,rf,16,f1,0.919418393010057,2.5539829733192344e-6
model_1,rf,17,precision,0.9807415050837786,5.032375149163373e-7
model_1,rf,17,recall,0.8639006971603469,8.64681107567844e-6
model_1,rf,17,roc_auc,0.8109490341508705,5.736801686186336e-5
model_1,rf,17,accuracy,0.8532202837110713,6.490722034735843e-6
model_1,rf,17,f1,0.9186075775083268,2.4049454398478116e-6
model_1,rf,18,precision,0.9808003784747273,7.396553832119663e-7
model_1,rf,18,recall,0.8647168848835232,8.701746342995415e-6
model_1,rf,18,roc_auc,0.8105166489879974,5.91017240267689e-5
model_1,rf,18,accuracy,0.8540355454100766,5.935073265480598e-6
model_1,rf,18,f1,0.9190933192233403,2.226234492747993e-6
model_1,rf,19,precision,0.9805693583802665,5.711902251231062e-7
model_1,rf,19,recall,0.8646828770617242,8.59708020210751e-6
model_1,rf,19,roc_auc,0.8108143523804126,5.947281331097399e-5
model_1,rf,19,accuracy,0.8538072721343551,6.642794329479375e-6
model_1,rf,19,f1,0.9189741760866655,2.4481597774999983e-6
model_1,rf,20,precision,0.9806399172430145,6.510627612608871e-7
model_1,rf,20,recall,0.864410814487332,1.0555088782475783e-5
model_1,rf,20,roc_auc,0.8102130077219347,6.050944498687215e-5
model_1,rf,20,accuracy,0.8536116093265939,8.240085145596868e-6
model_1,rf,20,f1,0.9188487261420255,3.032265351784405e-6
model_2,xgboost,1,precision,0.9683117851991082,1.942659650124701e-7
model_2,xgboost,1,recall,0.7790037493304767,6.32235915991863e-6
model_2,xgboost,1,roc_auc,0.839651623453732,3.2712185901017033e-6
model_2,xgboost,1,accuracy,0.7749266384088687,4.506463569988746e-6
model_2,xgboost,1,f1,0.8633927358892591,2.2372852137251176e-6
model_2,xgboost,2,precision,0.9684586999613173,9.011436725235847e-8
model_2,xgboost,2,recall,0.7784324227816461,8.431299777142721e-6
model_2,xgboost,2,roc_auc,0.839593371995687,3.3002662123351318e-6
model_2,xgboost,2,accuracy,0.7745353765895011,6.6629536270121964e-6
model_2,xgboost,2,f1,0.8630981225259949,3.239365776096766e-6
model_2,xgboost,3,precision,0.968907974142167,8.64715647069506e-8
model_2,xgboost,3,recall,0.7778253883235137,7.540674008623335e-6
model_2,xgboost,3,roc_auc,0.8397381464647328,3.232940326849608e-6
model_2,xgboost,3,accuracy,0.7743397456798174,6.156388425054208e-6
model_2,xgboost,3,f1,0.8629046331639513,2.9738358511954164e-6
model_2,xgboost,4,precision,0.9684564466512565,8.999688850050499e-8
model_2,xgboost,4,recall,0.7783610069630423,6.21142939347457e-6
model_2,xgboost,4,roc_auc,0.839629850338304,3.330920433267076e-6
model_2,xgboost,4,accuracy,0.7744701662862732,4.790841726387022e-6
model_2,xgboost,4,f1,0.8630562211336716,2.3421210324383883e-6
model_2,xgboost,5,precision,0.9688728705929387,1.0296676013625847e-7
model_2,xgboost,5,recall,0.7780396357793251,8.3305704489924e-6
model_2,xgboost,5,roc_auc,0.8396085796793858,3.4491986359650545e-6
model_2,xgboost,5,accuracy,0.7745027714378873,6.879293645057171e-6
model_2,xgboost,5,f1,0.8630215717244676,3.313787593812706e-6
model_2,xgboost,6,precision,0.9686775819695672,2.295718638774261e-7
model_2,xgboost,6,recall,0.7785395465095518,9.10580375931419e-6
model_2,xgboost,6,roc_auc,0.8394334233400428,3.2017868180371236e-6
model_2,xgboost,6,accuracy,0.7747962178024128,7.53894465830985e-6
model_2,xgboost,6,f1,0.8632502659225091,3.6204146666394046e-6
model_2,xgboost,7,precision,0.9683202446046002,3.502451311977184e-8
model_2,xgboost,7,recall,0.7781824674165327,6.61625928825609e-6
model_2,xgboost,7,roc_auc,0.8395085908339204,3.817236866818366e-6
model_2,xgboost,7,accuracy,0.7742093250733616,5.041732361564493e-6
model_2,xgboost,7,f1,0.8628918043715108,2.472331648942749e-6
model_2,xgboost,8,precision,0.968694183282966,7.649354380679898e-8
model_2,xgboost,8,recall,0.7789680414211748,7.427194132605831e-6
model_2,xgboost,8,roc_auc,0.83961082398513,3.6350680880899596e-6
model_2,xgboost,8,accuracy,0.7751874796217803,6.001176421935952e-6
model_2,xgboost,8,f1,0.8635225024771833,2.8968214694246555e-6
model_2,xgboost,9,precision,0.968521086030086,8.547271935416867e-8
model_2,xgboost,9,recall,0.7778610962328155,8.101060587383939e-6
model_2,xgboost,9,roc_auc,0.8396848190804845,3.491825679870612e-6
model_2,xgboost,9,accuracy,0.7740789044669057,6.735775696968346e-6
model_2,xgboost,9,f1,0.8627725908616694,3.2375025208731675e-6
model_2,xgboost,10,precision,0.968626513554047,1.2208073889008127e-7
model_2,xgboost,10,recall,0.7793608284234959,8.279568257523866e-6
model_2,xgboost,10,roc_auc,0.8397118177436153,3.3465691916740015e-6
model_2,xgboost,10,accuracy,0.7754809259863058,5.957057941597579e-6
model_2,xgboost,10,f1,0.8637344019765801,2.958112003043302e-6
model_2,xgboost,11,precision,0.9686329803999664,1.4546240297596943e-7
model_2,xgboost,11,recall,0.7773968934118908,6.940760731474646e-6
model_2,xgboost,11,roc_auc,0.839795694483664,3.3134381482401705e-6
model_2,xgboost,11,accuracy,0.7737528529507662,5.712545881890661e-6
model_2,xgboost,11,f1,0.8625326572510215,2.7525177863273243e-6
model_2,xgboost,12,precision,0.9688221822207509,1.328373810321261e-7
model_2,xgboost,12,recall,0.7789323335118729,1.0571479236641257e-5
model_2,xgboost,12,roc_auc,0.8397431040356301,3.408698336532823e-6
model_2,xgboost,12,accuracy,0.7752526899250082,8.474469060666468e-6
model_2,xgboost,12,f1,0.8635468710823824,4.101846120139111e-6
model_2,xgboost,13,precision,0.9686795815628343,1.1951814390800745e-7
model_2,xgboost,13,recall,0.7785752544188538,7.243586243319101e-6
model_2,xgboost,13,roc_auc,0.8397089369929586,3.3325894182652954e-6
model_2,xgboost,13,accuracy,0.7748288229540268,5.752411978582067e-6
model_2,xgboost,13,f1,0.8632752788452571,2.7910096914858066e-6
model_2,xgboost,14,precision,0.9689175375770753,1.7562034825535304e-7
model_2,xgboost,14,recall,0.7791822888769863,7.814173260373413e-6
model_2,xgboost,14,roc_auc,0.8396867619123226,3.5830457964648313e-6
model_2,xgboost,14,accuracy,0.7755461362895337,6.477974938364385e-6
model_2,xgboost,14,f1,0.8637424704717971,3.098131619610758e-6
model_2,xgboost,15,precision,0.9689313913995434,1.2465475499832773e-7
model_2,xgboost,15,recall,0.7783967148723442,7.428469187392618e-6
model_2,xgboost,15,roc_auc,0.8396125323372635,3.360754550381777e-6
model_2,xgboost,15,accuracy,0.7748614281056407,5.793872719141039e-6
model_2,xgboost,15,f1,0.8632650249564867,2.823934976339291e-6
model_2,xgboost,16,precision,0.9686894670314207,6.490953096813249e-8
model_2,xgboost,16,recall,0.7788252097839672,6.175727859446636e-6
model_2,xgboost,16,roc_auc,0.8397259870171937,3.646663466095126e-6
model_2,xgboost,16,accuracy,0.7750570590153244,4.787652438651669e-6
model_2,xgboost,16,f1,0.8634342553881734,2.3269438366939223e-6
model_2,xgboost,17,precision,0.9684205751541957,8.78741488111692e-8
model_2,xgboost,17,recall,0.7786109623281556,1.1338424690849381e-5
model_2,xgboost,17,roc_auc,0.8395882469392861,4.213688400469291e-6
model_2,xgboost,17,accuracy,0.774665797195957,9.470589929994095e-6
model_2,xgboost,17,f1,0.863189525599566,4.551625420334006e-6
model_2,xgboost,18,precision,0.96853888902633,1.7477214256859152e-7
model_2,xgboost,18,recall,0.7782538832351366,5.409419932631849e-6
model_2,xgboost,18,roc_auc,0.8398307324509527,3.5674177815025573e-6
model_2,xgboost,18,accuracy,0.7744375611346593,4.152984179325555e-6
model_2,xgboost,18,f1,0.8630240606328357,2.0233425200663212e-6
model_2,xgboost,19,precision,0.9684013189006414,1.982830628196907e-7
model_2,xgboost,19,recall,0.7791108730583824,8.40069846226155e-6
model_2,xgboost,19,roc_auc,0.8395426908823906,4.076381119617607e-6
model_2,xgboost,19,accuracy,0.7750896641669384,6.3004379210989916e-6
model_2,xgboost,19,f1,0.863491471282378,3.0930063482693866e-6
model_2,xgboost,20,precision,0.9686906044319631,6.638653848525965e-8
model_2,xgboost,20,recall,0.7788252097839672,6.300045701151243e-6
model_2,xgboost,20,roc_auc,0.8398096292775379,3.457602645046093e-6
model_2,xgboost,20,accuracy,0.7750570590153244,4.5936374347538115e-6
model_2,xgboost,20,f1,0.8634340152720739,2.276198821211323e-6
model_2,rf,1,precision,0.9634001978194054,2.347695209807175e-7
model_2,rf,1,recall,0.8167827173718979,3.6160553751193897e-6
model_2,rf,1,roc_auc,0.8330992220968314,1.4049458299703434e-6
model_2,rf,1,accuracy,0.80436909031627,3.0909513634683775e-6
model_2,rf,1,f1,0.8840489353269827,1.3349568375250215e-6
model_2,rf,2,precision,0.9634961039089578,1.356207245854323e-7
model_2,rf,2,recall,0.817139796464917,6.360610803520101e-6
model_2,rf,2,roc_auc,0.8328571720474734,1.4211942452669209e-6
model_2,rf,2,accuracy,0.8047603521356375,5.2107646115357e-6
model_2,rf,2,f1,0.8842950415759244,2.2763492673971786e-6
model_2,rf,3,precision,0.963469913857689,2.3535823288133212e-7
model_2,rf,3,recall,0.8165327620067845,3.444560506306418e-6
model_2,rf,3,roc_auc,0.8329655016710028,1.418921404646376e-6
model_2,rf,3,accuracy,0.8042060645582002,3.154737118174541e-6
model_2,rf,3,f1,0.883932373834654,1.3458151198135233e-6
model_2,rf,4,precision,0.9636670115658502,1.5429228464377428e-7
model_2,rf,4,recall,0.8173540439207284,4.360687370560059e-6
model_2,rf,4,roc_auc,0.8331485298290007,1.5641491682157588e-6
model_2,rf,4,accuracy,0.805086403651777,3.86329054336853e-6
model_2,rf,4,f1,0.8844953824636949,1.6617458307378325e-6
model_2,rf,5,precision,0.9635567417735192,1.9112440502354018e-7
model_2,rf,5,recall,0.8176039992858418,5.61852891765282e-6
model_2,rf,5,roc_auc,0.8326731389764559,1.193156606082079e-6
model_2,rf,5,accuracy,0.8052168242582328,4.707920245268958e-6
model_2,rf,5,f1,0.8845933133243665,2.048922336949417e-6
model_2,rf,6,precision,0.9635277804990778,1.5591399217894407e-7
model_2,rf,6,recall,0.8178896625602571,5.712245444476272e-6
model_2,rf,6,roc_auc,0.8330010755919022,1.5914307667033502e-6
model_2,rf,6,accuracy,0.8054450603195304,4.913097756240324e-6
model_2,rf,6,f1,0.8847484432538454,2.1259785113720932e-6
model_2,rf,7,precision,0.9630418427984822,8.160797357641053e-8
model_2,rf,7,recall,0.8169612569184075,4.202580577007548e-6
model_2,rf,7,roc_auc,0.8326977928425405,1.483411983159735e-6
model_2,rf,7,accuracy,0.8042386697098142,3.5730653594555817e-6
model_2,rf,7,f1,0.8840021447910164,1.5516419714238494e-6
model_2,rf,8,precision,0.9633203378362775,1.6452344658335702e-7
model_2,rf,8,recall,0.8168541331905017,4.556408280320481e-6
model_2,rf,8,roc_auc,0.8328937508813925,1.299001940703717e-6
model_2,rf,8,accuracy,0.8043690903162699,4.20720207082578e-6
model_2,rf,8,f1,0.8840566594413409,1.7957054913062627e-6
model_2,rf,9,precision,0.9638145069378276,2.610156560533117e-7
model_2,rf,9,recall,0.8160328512765578,6.794766958396038e-6
model_2,rf,9,roc_auc,0.8329827191807413,1.6446581495728255e-6
model_2,rf,9,accuracy,0.8040430388001304,5.655670250611035e-6
model_2,rf,9,f1,0.8837796608358852,2.469669162471724e-6
model_2,rf,10,precision,0.9632485019795735,1.8984042451732602e-7
model_2,rf,10,recall,0.8170326727370113,4.390651158047772e-6
model_2,rf,10,roc_auc,0.8326716651040269,1.2367206652818907e-6
model_2,rf,10,accuracy,0.8044669057711118,3.6799064985883256e-6
model_2,rf,10,f1,0.8841304857933973,1.5990709855810483e-6
model_2,rf,11,precision,0.9630825311715618,2.083527720709292e-7
model_2,rf,11,recall,0.8169969648277093,5.358417741163291e-6
model_2,rf,11,roc_auc,0.8329315356109352,1.4138562587183052e-6
model_2,rf,11,accuracy,0.8043038800130421,5.1044550203588446e-6
model_2,rf,11,f1,0.8840394283149019,2.1664674889280514e-6
model_2,rf,12,precision,0.9634550303256004,1.794916541268122e-7
model_2,rf,12,recall,0.8162113908230673,5.452771795380108e-6
model_2,rf,12,roc_auc,0.8328849076468187,1.337914239511659e-6
model_2,rf,12,accuracy,0.8039126181936745,4.899277509387376e-6
model_2,rf,12,f1,0.8837355316952249,2.1089922120752e-6
model_2,rf,13,precision,0.9631835499830705,2.873205261849556e-7
model_2,rf,13,recall,0.8174254597393322,4.547482896813589e-6
model_2,rf,13,roc_auc,0.832877806261479,1.5435046237570163e-6
model_2,rf,13,accuracy,0.8047603521356375,4.243347331825862e-6
model_2,rf,13,f1,0.8843333325052016,1.8050172655455802e-6
model_2,rf,14,precision,0.9635921665951579,1.852947053778315e-7
model_2,rf,14,recall,0.8174611676486342,4.923624058894012e-6
model_2,rf,14,roc_auc,0.8330446888169595,1.1748348696306149e-6
model_2,rf,14,accuracy,0.8051190088033909,3.865948283147902e-6
model_2,rf,14,f1,0.884525100585397,1.6963126683278983e-6
model_2,rf,15,precision,0.9634061366301466,3.471878678953755e-7
model_2,rf,15,recall,0.8168898410998037,3.5848165328448927e-6
model_2,rf,15,roc_auc,0.8329320715645457,1.1607099740191312e-6
model_2,rf,15,accuracy,0.8044669057711119,2.898531003438156e-6
model_2,rf,15,f1,0.8841137248953421,1.2612866970089517e-6
model_2,rf,16,precision,0.9635818125068059,3.2513468586864616e-7
model_2,rf,16,recall,0.8172469201928227,5.889478059829376e-6
model_2,rf,16,roc_auc,0.8328205262193531,1.1315831907522871e-6
model_2,rf,16,accuracy,0.8049233778937073,5.205449131976917e-6
model_2,rf,16,f1,0.8843946746365325,2.2353817140426534e-6
model_2,rf,17,precision,0.9634573993866462,3.067881362192888e-7
model_2,rf,17,recall,0.8172112122835208,5.219436769411545e-6
model_2,rf,17,roc_auc,0.8329038670057913,1.3604747435382853e-6
model_2,rf,17,accuracy,0.8047929572872514,4.992829949623112e-6
model_2,rf,17,f1,0.8843227707906095,2.1108019832001135e-6
model_2,rf,18,precision,0.96358334694435,2.83277220154801e-7
model_2,rf,18,recall,0.8172826281021246,4.356224678806508e-6
model_2,rf,18,roc_auc,0.8332153230477136,1.7679782480817263e-6
model_2,rf,18,accuracy,0.8049559830453211,3.9430227367511425e-6
model_2,rf,18,f1,0.8844182067248814,1.6842582987945407e-6
model_2,rf,19,precision,0.9635017836877334,3.1265973111556835e-7
model_2,rf,19,recall,0.816318514550973,3.6638699296210495e-6
model_2,rf,19,roc_auc,0.832642723609058,1.512261786964028e-6
model_2,rf,19,accuracy,0.8040430388001304,3.3248324640575236e-6
model_2,rf,19,f1,0.8838197770351937,1.4207062574690067e-6
model_2,rf,20,precision,0.9634140696793299,2.0339394400750782e-7
model_2,rf,20,recall,0.817139796464917,4.652037389324061e-6
model_2,rf,20,roc_auc,0.8331433042812979,1.3203721545234186e-6
model_2,rf,20,accuracy,0.8046951418324095,4.27630330509072e-6
model_2,rf,20,f1,0.8842631996457944,1.8298637053906124e-6
