Variable Name,Missing Value Count
RecordNo,0
age,0
employment_status,0
endtime,0
gender,0
household_children,0
household_size,0
i12_health_1,0
i12_health_12,0
i12_health_13,0
i12_health_14,0
i12_health_15,0
i12_health_16,0
i12_health_3,0
i12_health_4,0
i12_health_5,0
i12_health_6,0
i12_health_7,0
i12_health_8,0
qweek,0
region,0
weight,0
i11_health,1005
i9_health,1005
i12_health_11,1019
i12_health_2,1019
i2_health,2026
WCRex2,3005
cantril_ladder,3005
d1_health_1,3433
d1_health_10,3433
d1_health_11,3433
d1_health_12,3433
d1_health_13,3433
d1_health_2,3433
d1_health_3,3433
d1_health_4,3433
d1_health_5,3433
d1_health_6,3433
d1_health_7,3433
d1_health_8,3433
d1_health_9,3433
d1_health_98,3433
d1_health_99,3433
PHQ4_3,5841
PHQ4_4,5873
PHQ4_1,6013
PHQ4_2,6144
WCRex1,7011
i12_health_22,9022
i12_health_25,9022
r1_1,9022
r1_2,9022
i12_health_23,10041
i12_health_26,14037
i12_health_27,18060
i12_health_28,18060
i12_health_29,18060
i13_health,18164
i7a_health,18164
i5_health_1,18707
i5_health_2,18707
i5_health_3,18707
i5_health_4,18707
i5_health_5,18707
i5_health_99,18707
vac2_1,19061
vac2_2,19061
vac2_3,19061
i10_health,19169
vac7,21070
Soc1_1,21092
Soc1_2,21092
Soc1_3,21092
r1_6,21146
r1_7,21146
i1_health,23183
r1_8,24074
r1_9,24074
vac2_7,24074
vac,25076
i12_health_9,25586
i14_health_1,25586
i14_health_10,25586
i14_health_2,25586
i14_health_3,25586
i14_health_4,25586
i14_health_5,25586
i14_health_6,25586
i14_health_7,25586
i14_health_8,25586
i14_health_9,25586
i14_health_96,25586
i14_health_98,25586
i14_health_99,25586
travel1_1,30139
travel1_2,30139
travel1_3,30139
travel1_4,30139
travel1_99,30139
i12_health_24,30248
i3_health,30394
i4_health,30538
i14_health_11,31816
i12_health_10,33130
i12_health_17,33200
i12_health_18,33200
i12_health_19,33200
i12_health_20,33200
vac_1,38959
vac_booster,39162
r1_3,39218
r1_4,39218
r1_5,39218
vac2_6,40119
Vent_3,41134
WCRV_4,41227
vac8,41410
i12_health_21,42222
CORE_B2_4,43238
vac_3,45148
vac_man_1,46195
vac_man_2,46195
vac_man_3,46195
vac_man_4,46195
vac_man_5,46195
vac_man_6,46195
vac_man_7,46195
vac_man_96,46195
vac_man_99,46195
vac_boost_1,46889
vac10_1,47153
vac10_2,47153
vac10_3,47153
vac10_4,47153
vac10_5,47153
vac10_99,47153
Vent_1,47203
child_age_1,47218
child_age_2,47218
child_age_3,47218
child_age_4,47218
child_age_5,47218
combi_vac,47224
r1_10,47257
vac11,47468
vac3_1,47528
vac3_2,47528
vac3_3,47528
vac3_4,47528
vac3_5,47528
vac3_6,47528
vac3_7,47528
vac3_8,47528
vac3_9,47528
vac5,47528
vac12_1,47710
vac12_10,47710
vac12_11,47710
vac12_2,47710
vac12_3,47710
vac12_4,47710
vac12_5,47710
vac12_6,47710
vac12_7,47710
vac12_8,47710
vac12_9,47710
vac12_96,47710
i14_health_other,47833
w1,48235
w2,48235
w3,48235
vac9,48680
future_1,49207
future_2,49207
Soc2_1,49828
Soc2_2,49828
Soc2_3,49828
Soc2_4,49828
Soc2_5,49828
Soc2_6,49828
m2,50258
had_covid_2,50289
m3,50369
m4_1,50396
m4_2,50396
m4_3,50396
m4_4,50396
m4_96,50396
m4_99,50396
m7_1,50396
m7_10,50396
m7_11,50396
m7_2,50396
m7_3,50396
m7_4,50396
m7_5,50396
m7_6,50396
m7_8,50396
m7_9,50396
av3,50532
vac_boost_beyond,50594
vac12_12,50705
vac12_13,50705
vac10_8,50756
v4_1,51244
v4_2,51244
v4_3,51244
v4_4,51244
v4_5,51244
av1_1,51265
av1_2,51265
av1_3,51265
av1_99,51265
vac12_booster_1,51736
vac12_booster_10,51736
vac12_booster_2,51736
vac12_booster_3,51736
vac12_booster_4,51736
vac12_booster_5,51736
vac12_booster_6,51736
vac12_booster_7,51736
vac12_booster_8,51736
vac12_booster_9,51736
vac12_booster_96,51736
vac_boost_2,51736
i6_health,52059
vac2_4,52261
vac2_5,52261
vac_2,52261
av2,52267
v4_96,52269
v4_99,52269
v1,52300
childvac,52392
WAH_1,52628
WAH_2,52628
WAH_3,52628
i5a_health,52885
i7b_health,52964
vac14_1,53006
vac14_2,53006
vac14_3,53006
SC_1_1,53245
SC_1_2,53245
SC_1_3,53245
SC_1_4,53245
SC_1_5,53245
SC_1_6,53245
SC_1_7,53245
SC_1_99,53245
V1_1,53245
V1_2,53245
V1_3,53245
V1_98,53245
V4_6,53245
V4_8,53245
V4_9,53245
V4_98,53245
future_3,53251
Vent_2,53258
WAH4,53258
had_covid,53258
ox1_1,53264
ox1_2,53264
ox3_1,53264
ox3_2,53264
ox3_3,53264
ox3_4,53264
ox3_5,53264
ox3_6,53264
ox5_1,53264
ox5_2,53264
ox6,53264
w6,53265
w9_1,53265
w9_2,53265
w9_3,53265
w9_4,53265
w9_5,53265
vac4,53269
vac6,53269
ct1_1,53270
ct1_2,53270
ct2,53270
ct4,53270
ct6_1,53270
ct6_2,53270
ct6_3,53270
ct6_4,53270
ct6_5,53270
ct6_6,53270
ct6_96,53270
ct6_99,53270
ct7_1,53270
ct7_2,53270
ct7_3,53270
ct8_1,53270
ct8_2,53270
ct8_3,53270
ct8_4,53270
ct8_5,53270
ct8_6,53270
ct8_99,53270
m1_1,53270
m1_2,53270
m1_3,53270
m1_4,53270
disability_EU,53277
w7,53279
w4_1,53285
w4_10,53285
w4_11,53285
w4_2,53285
w4_3,53285
w4_4,53285
w4_5,53285
w4_6,53285
w4_7,53285
w4_8,53285
w4_9,53285
w4_99,53285
ct1b_1,53301
ct1b_10,53301
ct1b_11,53301
ct1b_2,53301
ct1b_3,53301
ct1b_4,53301
ct1b_5,53301
ct1b_6,53301
ct1b_7,53301
ct1b_8,53301
ct1b_9,53301
ct1b_96,53301
ct1b_99,53301
long_covid,53303
m8_1,53322
m8_2,53322
m8_3,53322
m8_4,53322
m8_5,53322
m8_6,53322
m8_7,53322
m8_8,53322
m8_96,53322
m8_99,53322
m9_1,53322
m9_2,53322
m9_3,53322
m9_4,53322
m9_5,53322
m9_6,53322
m9_7,53322
ox4_2_1,53413
ox4_5_1,53426
ox4_6_1,53432
ox4_1_1,53436
ox4_10_1,53437
ox4_8_1,53442
ox4_4_1,53443
m10,53446
m11,53446
ox4_7_1,53446
ox4_9_1,53447
ox4_11_1,53448
ox4_3_1,53450
i8_health,53487
work2,53520
work3,53520
vac12_other,53547
m5_2,53653
vac12_booster_other,53693
vac3_other,53735
work1,53739
work4,53739
work6,53739
WAH6,53758
WAH5,53804
w4b,53858
Soc2_open,53890
vac13,53938
SC_2,53957
SC_3_1,53957
SC_3_2,53957
SC_3_3,53957
SC_3_4,53957
SC_3_5,53957
SC_3_6,53957
SC_3_7,53957
SC_3_99,53957
work5,53971
v2_1,53984
v2_2,53984
v2_3,53984
v2_4,53984
v2_5,53984
v2_99,53984
q_other,53999
child_education_1,54004
child_education_2,54004
child_education_3,54004
child_education_4,54004
m5_1,54011
work7_1,54055
work7_2,54055
work7_3,54055
work7_4,54055
work7_5,54055
work8,54055
m4_other,54063
m6_1,54094
m6_2,54094
m6_3,54094
m6_4,54094
m6_5,54094
m6_6,54094
m6_7,54094
m6_8,54094
m6_96,54094
w5_1,54094
w5_10,54094
w5_11,54094
w5_12,54094
w5_13,54094
w5_14,54094
w5_15,54094
w5_16,54094
w5_2,54094
w5_3,54094
w5_4,54094
w5_5,54094
w5_6,54094
w5_7,54094
w5_8,54094
w5_9,54094
w5_96,54094
w5_99,54094
v3,54111
WAH7_1,54143
WAH7_2,54143
WAH7_3,54143
WAH7_4,54143
WAH7_5,54143
WAH7_6,54143
WAH7_7,54143
WAH7_99,54143
ct3,54145
ct5_1,54151
ct5_2,54151
ct5_3,54151
ct5_4,54151
ct5_5,54151
ct5_6,54151
ct5_7,54151
ct5_8,54151
ct5_9,54151
ct5_96,54151
ct5_99,54151
V3_adult18,54209
m12_1,54218
m12_2,54218
m12_3,54218
m12_4,54218
m12_5,54218
m12_6,54218
m12_7,54218
m12_8,54218
m12_96,54218
m12_99,54218
m13_1,54218
m13_10,54218
m13_11,54218
m13_2,54218
m13_3,54218
m13_4,54218
m13_5,54218
m13_6,54218
m13_8,54218
m13_9,54218
v3_other,54219
V4_other,54230
v3_open,54231
V3_child5_17,54244
V3_me,54244
m14_1,54247
m14_10,54247
m14_11,54247
m14_2,54247
m14_3,54247
m14_4,54247
m14_5,54247
m14_6,54247
m14_7,54247
m14_8,54247
m14_9,54247
m14_96,54247
m14_99,54247
ct1b_other,54255
m6_other,54255
m8_other,54255
V3_child2_4,54257
V3_adult18_other,54260
m14_open,54261
V3_baby,54264
V3_me_other,54265
ct6_other,54265
ct3_other,54266
ct5_other,54267
V3_baby_other,54269
V3_child5_17_other,54269
m12_other,54269
V3_child2_4_other,54270
